source,target,type,weight,startPage,category
1446,1443,directed,1,3,Exchange
1445,1489,directed,1,3,Exchange
1443,1445,directed,1,3,Exchange
1443,1489,directed,1,3,Exchange
1446,1443,directed,1,4,Exchange
1447,1443,directed,1,4,Exchange
1447,1443,directed,1,5,Exchange
1440,1443,directed,1,5,Exchange
1441,1440,directed,1,5,Exchange
1440,1441,directed,1,5,Exchange
1443,1441,directed,1,5,Exchange
1448,1441,directed,1,5,Exchange
1441,1448,directed,1,5,Exchange
1443,1448,directed,1,5,Exchange
1441,1443,directed,1,5,Exchange
1440,1448,directed,1,6,Exchange
1443,1440,directed,1,6,Exchange
1443,1448,directed,1,6,Exchange
1440,1443,directed,1,6,Exchange
1447,1443,directed,1,6,Exchange
1447,1440,directed,1,6,Exchange
1440,1447,directed,1,6,Exchange
1443,1447,directed,1,6,Exchange
1446,1443,directed,1,6,Exchange
1447,1443,directed,1,7,Exchange
1447,1440,directed,1,7,Exchange
1440,1447,directed,1,7,Exchange
1443,1447,directed,1,7,Exchange
1448,1447,directed,1,7,Exchange
1447,1448,directed,1,7,Exchange
1443,1448,directed,1,7,Exchange
1441,1440,directed,1,7,Exchange
1440,1441,directed,1,7,Exchange
1443,1441,directed,1,7,Exchange
1447,1441,directed,1,7,Exchange
1441,1447,directed,1,7,Exchange
1448,1441,directed,1,7,Exchange
1447,1441,directed,1,8,Exchange
1441,1447,directed,1,8,Exchange
1443,1447,directed,1,8,Exchange
1447,1443,directed,1,8,Exchange
1441,1443,directed,1,8,Exchange
1448,1441,directed,1,8,Exchange
1441,1448,directed,1,8,Exchange
1443,1448,directed,1,8,Exchange
1448,1447,directed,1,8,Exchange
1447,1448,directed,1,8,Exchange
1448,1443,directed,1,8,Exchange
1440,1443,directed,1,8,Exchange
1447,1440,directed,1,9,Exchange
1440,1447,directed,1,9,Exchange
1443,1447,directed,1,9,Exchange
1447,1443,directed,1,9,Exchange
1446,1443,directed,1,9,Exchange
1436,1443,directed,1,9,Exchange
1436,1441,directed,1,9,Exchange
1441,1436,directed,1,9,Exchange
1443,1436,directed,1,9,Exchange
1436,1441,directed,1,10,Exchange
1441,1436,directed,1,10,Exchange
1443,1436,directed,1,10,Exchange
1436,1437,directed,1,10,Exchange
1437,1436,directed,1,10,Exchange
1441,1437,directed,1,10,Exchange
1437,1441,directed,1,10,Exchange
1443,1441,directed,1,10,Exchange
1441,1437,directed,1,11,Exchange
1437,1441,directed,1,11,Exchange
1443,1441,directed,1,11,Exchange
1441,1434,directed,1,11,Exchange
1434,1441,directed,1,11,Exchange
1434,1441,directed,1,12,Exchange
1441,1434,directed,1,12,Exchange
1443,1434,directed,1,12,Exchange
1434,1437,directed,1,12,Exchange
1437,1434,directed,1,12,Exchange
1443,1447,directed,1,12,Exchange
1447,1443,directed,1,12,Exchange
1446,1443,directed,1,12,Exchange
1447,1443,directed,1,13,Exchange
1443,1490,directed,1,13,Exchange
1490,1443,directed,1,13,Exchange
1491,1443,directed,1,14,Exchange
1446,1443,directed,1,14,Exchange
1446,1492,directed,1,15,Exchange
1492,1446,directed,1,15,Exchange
1443,1446,directed,1,15,Exchange
1446,1492,directed,1,16,Exchange
1492,1446,directed,1,16,Exchange
1443,1446,directed,1,16,Exchange
1446,1443,directed,1,16,Exchange
1446,1492,directed,1,17,Exchange
1492,1446,directed,1,17,Exchange
1443,1446,directed,1,17,Exchange
1446,1443,directed,1,17,Exchange
1439,1443,directed,1,17,Exchange
1439,1447,directed,1,17,Exchange
1447,1439,directed,1,17,Exchange
1443,1439,directed,1,17,Exchange
1440,1447,directed,1,17,Exchange
1447,1440,directed,1,17,Exchange
1443,1440,directed,1,17,Exchange
1444,1447,directed,1,17,Exchange
1447,1444,directed,1,17,Exchange
1443,1444,directed,1,17,Exchange
1444,1440,directed,1,17,Exchange
1447,1444,directed,1,18,Exchange
1444,1447,directed,1,18,Exchange
1443,1447,directed,1,18,Exchange
1447,1440,directed,1,18,Exchange
1440,1447,directed,1,18,Exchange
1444,1440,directed,1,18,Exchange
1440,1444,directed,1,18,Exchange
1443,1444,directed,1,18,Exchange
1447,1444,directed,1,19,Exchange
1444,1447,directed,1,19,Exchange
1443,1447,directed,1,19,Exchange
1447,1443,directed,1,19,Exchange
1446,1443,directed,1,19,Exchange
1439,1447,directed,1,19,Exchange
1447,1439,directed,1,19,Exchange
1443,1439,directed,1,19,Exchange
1439,1440,directed,1,19,Exchange
1440,1439,directed,1,19,Exchange
1443,1444,directed,1,19,Exchange
1439,1443,directed,1,19,Exchange
1447,1444,directed,1,20,Exchange
1444,1447,directed,1,20,Exchange
1443,1447,directed,1,20,Exchange
1444,1434,directed,1,20,Exchange
1434,1444,directed,1,20,Exchange
1443,1444,directed,1,20,Exchange
1447,1440,directed,1,20,Exchange
1443,1440,directed,1,20,Exchange
1446,1492,directed,1,20,Exchange
1443,1446,directed,1,20,Exchange
1443,1492,directed,1,20,Exchange
1446,1443,directed,1,20,Exchange
1437,1444,directed,1,20,Exchange
1444,1437,directed,1,20,Exchange
1443,1437,directed,1,20,Exchange
1444,1437,directed,1,21,Exchange
1437,1444,directed,1,21,Exchange
1443,1444,directed,1,21,Exchange
1440,1437,directed,1,21,Exchange
1437,1440,directed,1,21,Exchange
1443,1440,directed,1,21,Exchange
1444,1443,directed,1,22,Exchange
1437,1444,directed,1,22,Exchange
1443,1437,directed,1,22,Exchange
1443,1444,directed,1,22,Exchange
1440,1437,directed,1,22,Exchange
1437,1440,directed,1,22,Exchange
1443,1440,directed,1,22,Exchange
1444,1440,directed,1,22,Exchange
1440,1444,directed,1,22,Exchange
1447,1443,directed,1,22,Exchange
1440,1443,directed,1,23,Exchange
1447,1443,directed,1,23,Exchange
1447,1440,directed,1,23,Exchange
1440,1447,directed,1,23,Exchange
1443,1447,directed,1,23,Exchange
1434,1440,directed,1,23,Exchange
1440,1434,directed,1,23,Exchange
1443,1434,directed,1,23,Exchange
1450,1440,directed,1,23,Exchange
1440,1450,directed,1,23,Exchange
1443,1450,directed,1,23,Exchange
1434,1450,directed,1,23,Exchange
1450,1434,directed,1,24,Exchange
1443,1450,directed,1,24,Exchange
1443,1434,directed,1,24,Exchange
1450,1447,directed,1,24,Exchange
1447,1450,directed,1,24,Exchange
1450,1436,directed,1,24,Exchange
1436,1450,directed,1,24,Exchange
1436,1447,directed,1,25,Exchange
1447,1436,directed,1,25,Exchange
1443,1436,directed,1,25,Exchange
1436,1444,directed,1,25,Exchange
1444,1436,directed,1,25,Exchange
1436,1440,directed,1,25,Exchange
1443,1440,directed,1,25,Exchange
1447,1443,directed,1,25,Exchange
1447,1436,directed,1,26,Exchange
1436,1447,directed,1,26,Exchange
1443,1447,directed,1,26,Exchange
1440,1436,directed,1,26,Exchange
1436,1440,directed,1,26,Exchange
1443,1440,directed,1,26,Exchange
1447,1444,directed,1,26,Exchange
1444,1447,directed,1,26,Exchange
1436,1444,directed,1,26,Exchange
1444,1436,directed,1,26,Exchange
1443,1436,directed,1,26,Exchange
1436,1434,directed,1,26,Exchange
1443,1434,directed,1,26,Exchange
1447,1434,directed,1,26,Exchange
1434,1447,directed,1,27,Exchange
1447,1434,directed,1,27,Exchange
1443,1434,directed,1,27,Exchange
1436,1434,directed,1,27,Exchange
1443,1436,directed,1,27,Exchange
1436,1447,directed,1,27,Exchange
1447,1436,directed,1,27,Exchange
1436,1440,directed,1,27,Exchange
1443,1440,directed,1,27,Exchange
1447,1440,directed,1,28,Exchange
1443,1447,directed,1,28,Exchange
1443,1440,directed,1,28,Exchange
1436,1437,directed,1,28,Exchange
1437,1436,directed,1,28,Exchange
1443,1436,directed,1,28,Exchange
1437,1443,directed,1,28,Exchange
1439,1437,directed,1,28,Exchange
1437,1439,directed,1,28,Exchange
1443,1439,directed,1,28,Exchange
1439,1437,directed,1,29,Exchange
1437,1439,directed,1,29,Exchange
1443,1439,directed,1,29,Exchange
1439,1436,directed,1,29,Exchange
1436,1439,directed,1,29,Exchange
1436,1437,directed,1,29,Exchange
1437,1436,directed,1,29,Exchange
1443,1436,directed,1,29,Exchange
1436,1437,directed,1,30,Exchange
1443,1436,directed,1,30,Exchange
1443,1437,directed,1,30,Exchange
1439,1436,directed,1,30,Exchange
1436,1439,directed,1,30,Exchange
1443,1439,directed,1,30,Exchange
1443,1438,directed,1,30,Exchange
1438,1443,directed,1,30,Exchange
1438,1446,directed,1,30,Exchange
1443,1446,directed,1,30,Exchange
1438,1444,directed,1,30,Exchange
1443,1444,directed,1,30,Exchange
1437,1443,directed,1,31,Exchange
1439,1436,directed,1,31,Exchange
1436,1439,directed,1,31,Exchange
1443,1439,directed,1,31,Exchange
1438,1436,directed,1,31,Exchange
1436,1438,directed,1,31,Exchange
1443,1438,directed,1,31,Exchange
1438,1436,directed,1,32,Exchange
1436,1438,directed,1,32,Exchange
1443,1438,directed,1,32,Exchange
1437,1443,directed,1,32,Exchange
1446,1443,directed,1,32,Exchange
1438,1447,directed,1,32,Exchange
1447,1438,directed,1,32,Exchange
1434,1447,directed,1,32,Exchange
1443,1434,directed,1,32,Exchange
1443,1447,directed,1,32,Exchange
1447,1434,directed,1,33,Exchange
1434,1447,directed,1,33,Exchange
1443,1447,directed,1,33,Exchange
1438,1447,directed,1,33,Exchange
1443,1438,directed,1,33,Exchange
1438,1434,directed,1,33,Exchange
1434,1438,directed,1,33,Exchange
1447,1438,directed,1,33,Exchange
1436,1446,directed,1,33,Exchange
1446,1436,directed,1,33,Exchange
1443,1436,directed,1,33,Exchange
1440,1438,directed,1,33,Exchange
1443,1440,directed,1,33,Exchange
1437,1443,directed,1,34,Exchange
1436,1443,directed,1,34,Exchange
1443,1436,directed,1,34,Exchange
1436,1437,directed,1,34,Exchange
1437,1436,directed,1,34,Exchange
1437,1443,directed,1,35,Exchange
1446,1443,directed,1,35,Exchange
1434,1447,directed,1,36,Exchange
1447,1434,directed,1,36,Exchange
1443,1434,directed,1,36,Exchange
1440,1434,directed,1,36,Exchange
1443,1440,directed,1,36,Exchange
1447,1438,directed,1,36,Exchange
1438,1447,directed,1,36,Exchange
1443,1447,directed,1,36,Exchange
1447,1437,directed,1,36,Exchange
1443,1437,directed,1,36,Exchange
1440,1438,directed,1,36,Exchange
1443,1438,directed,1,36,Exchange
1447,1438,directed,1,37,Exchange
1438,1447,directed,1,37,Exchange
1443,1447,directed,1,37,Exchange
1447,1440,directed,1,37,Exchange
1440,1447,directed,1,37,Exchange
1437,1443,directed,1,37,Exchange
1437,1436,directed,1,37,Exchange
1436,1437,directed,1,37,Exchange
1443,1437,directed,1,37,Exchange
1434,1447,directed,1,37,Exchange
1447,1434,directed,1,37,Exchange
1443,1434,directed,1,37,Exchange
1434,1440,directed,1,37,Exchange
1440,1434,directed,1,37,Exchange
1437,1443,directed,1,38,Exchange
1447,1438,directed,1,38,Exchange
1438,1447,directed,1,38,Exchange
1443,1447,directed,1,38,Exchange
1447,1438,directed,1,39,Exchange
1438,1447,directed,1,39,Exchange
1443,1447,directed,1,39,Exchange
1447,1440,directed,1,39,Exchange
1440,1447,directed,1,39,Exchange
1434,1447,directed,1,39,Exchange
1443,1434,directed,1,39,Exchange
1437,1443,directed,1,39,Exchange
1437,1443,directed,1,40,Exchange
1447,1443,directed,1,40,Exchange
1434,1447,directed,1,41,Exchange
1447,1434,directed,1,41,Exchange
1443,1434,directed,1,41,Exchange
1447,1443,directed,1,41,Exchange
1447,1441,directed,1,41,Exchange
1441,1447,directed,1,41,Exchange
1443,1447,directed,1,41,Exchange
1441,1443,directed,1,41,Exchange
1441,1450,directed,1,42,Exchange
1443,1441,directed,1,42,Exchange
1443,1450,directed,1,42,Exchange
1450,1443,directed,1,42,Exchange
1450,1437,directed,1,42,Exchange
1437,1450,directed,1,42,Exchange
1437,1443,directed,1,42,Exchange
1447,1443,directed,1,42,Exchange
1447,1436,directed,1,42,Exchange
1443,1447,directed,1,42,Exchange
1443,1436,directed,1,42,Exchange
1447,1443,directed,1,43,Exchange
1436,1443,directed,1,43,Exchange
1436,1439,directed,1,43,Exchange
1443,1436,directed,1,43,Exchange
1443,1439,directed,1,43,Exchange
1444,1450,directed,1,43,Exchange
1450,1444,directed,1,43,Exchange
1443,1444,directed,1,43,Exchange
1441,1450,directed,1,43,Exchange
1450,1441,directed,1,43,Exchange
1443,1441,directed,1,43,Exchange
1441,1440,directed,1,44,Exchange
1450,1444,directed,1,44,Exchange
1443,1450,directed,1,44,Exchange
1443,1444,directed,1,44,Exchange
1450,1441,directed,1,44,Exchange
1441,1450,directed,1,44,Exchange
1450,1440,directed,1,44,Exchange
1440,1450,directed,1,44,Exchange
1436,1443,directed,1,44,Exchange
1436,1447,directed,1,44,Exchange
1447,1436,directed,1,44,Exchange
1443,1436,directed,1,44,Exchange
1447,1443,directed,1,44,Exchange
1447,1438,directed,1,45,Exchange
1438,1447,directed,1,45,Exchange
1443,1447,directed,1,45,Exchange
1434,1436,directed,1,45,Exchange
1436,1434,directed,1,45,Exchange
1443,1434,directed,1,45,Exchange
1440,1436,directed,1,45,Exchange
1443,1440,directed,1,45,Exchange
1443,1436,directed,1,45,Exchange
1436,1438,directed,1,45,Exchange
1438,1436,directed,1,45,Exchange
1436,1437,directed,1,45,Exchange
1443,1437,directed,1,45,Exchange
1447,1436,directed,1,46,Exchange
1436,1447,directed,1,46,Exchange
1443,1447,directed,1,46,Exchange
1436,1440,directed,1,46,Exchange
1443,1436,directed,1,46,Exchange
1443,1440,directed,1,46,Exchange
1446,1443,directed,1,46,Exchange
1437,1443,directed,1,46,Exchange
1447,1443,directed,1,47,Exchange
1500,1447,directed,1,47,Exchange
1447,1500,directed,1,47,Exchange
1443,1500,directed,1,47,Exchange
1447,1437,directed,1,47,Exchange
1443,1447,directed,1,47,Exchange
1443,1437,directed,1,47,Exchange
1447,1500,directed,1,48,Exchange
1500,1447,directed,1,48,Exchange
1443,1447,directed,1,48,Exchange
1447,1443,directed,1,48,Exchange
1446,1435,directed,1,48,Exchange
1435,1446,directed,1,48,Exchange
1443,1446,directed,1,48,Exchange
1446,1443,directed,1,48,Exchange
1435,1479,directed,1,49,Exchange
1479,1435,directed,1,49,Exchange
1443,1435,directed,1,49,Exchange
1479,1443,directed,1,49,Exchange
1446,1479,directed,1,49,Exchange
1479,1446,directed,1,49,Exchange
1443,1446,directed,1,49,Exchange
1446,1479,directed,1,50,Exchange
1479,1446,directed,1,50,Exchange
1443,1446,directed,1,50,Exchange
1446,1443,directed,1,50,Exchange
1479,1446,directed,1,51,Exchange
1443,1479,directed,1,51,Exchange
1443,1446,directed,1,51,Exchange
1446,1443,directed,1,51,Exchange
1437,1443,directed,1,51,Exchange
1437,1441,directed,1,51,Exchange
1441,1437,directed,1,51,Exchange
1443,1437,directed,1,51,Exchange
1441,1443,directed,1,51,Exchange
1437,1443,directed,1,52,Exchange
1674,1675,directed,1,52,Exchange
1675,1674,directed,1,52,Exchange
1443,1674,directed,1,52,Exchange
1450,1434,directed,1,52,Exchange
1434,1450,directed,1,52,Exchange
1443,1450,directed,1,52,Exchange
1674,1675,directed,1,53,Exchange
1675,1674,directed,1,53,Exchange
1443,1674,directed,1,53,Exchange
1446,1443,directed,1,53,Exchange
1446,1445,directed,1,53,Exchange
1445,1446,directed,1,53,Exchange
1443,1446,directed,1,53,Exchange
1446,1445,directed,1,54,Exchange
1445,1446,directed,1,54,Exchange
1443,1446,directed,1,54,Exchange
1445,1489,directed,1,54,Exchange
1443,1445,directed,1,54,Exchange
1443,1489,directed,1,54,Exchange
1446,1443,directed,1,54,Exchange
1446,1443,directed,1,55,Exchange
1436,1446,directed,1,55,Exchange
1446,1436,directed,1,55,Exchange
1443,1436,directed,1,55,Exchange
1436,1446,directed,1,56,Exchange
1446,1436,directed,1,56,Exchange
1443,1436,directed,1,56,Exchange
1436,1447,directed,1,56,Exchange
1447,1436,directed,1,56,Exchange
1436,1446,directed,1,57,Exchange
1446,1436,directed,1,57,Exchange
1443,1436,directed,1,57,Exchange
1436,1446,directed,1,58,Exchange
1446,1436,directed,1,58,Exchange
1443,1436,directed,1,58,Exchange
1447,1436,directed,1,58,Exchange
1436,1447,directed,1,58,Exchange
1443,1447,directed,1,58,Exchange
1436,1446,directed,1,59,Exchange
1446,1436,directed,1,59,Exchange
1443,1436,directed,1,59,Exchange
1441,1436,directed,1,59,Exchange
1436,1441,directed,1,59,Exchange
1443,1441,directed,1,59,Exchange
1441,1436,directed,1,60,Exchange
1436,1441,directed,1,60,Exchange
1443,1441,directed,1,60,Exchange
1441,1443,directed,1,60,Exchange
1446,1443,directed,1,60,Exchange
1436,1446,directed,1,60,Exchange
1443,1436,directed,1,60,Exchange
1443,1446,directed,1,60,Exchange
1446,1443,directed,1,61,Exchange
1447,1443,directed,1,61,Exchange
1441,1447,directed,1,61,Exchange
1447,1441,directed,1,61,Exchange
1443,1441,directed,1,61,Exchange
1447,1436,directed,1,61,Exchange
1436,1447,directed,1,61,Exchange
1443,1447,directed,1,61,Exchange
1450,1443,directed,1,62,Exchange
1441,1450,directed,1,62,Exchange
1450,1441,directed,1,62,Exchange
1443,1441,directed,1,62,Exchange
1447,1443,directed,1,62,Exchange
1450,1436,directed,1,62,Exchange
1436,1450,directed,1,62,Exchange
1443,1450,directed,1,62,Exchange
1450,1447,directed,1,62,Exchange
1447,1450,directed,1,62,Exchange
1447,1434,directed,1,62,Exchange
1443,1447,directed,1,62,Exchange
1443,1434,directed,1,62,Exchange
1447,1443,directed,1,63,Exchange
1441,1447,directed,1,63,Exchange
1447,1441,directed,1,63,Exchange
1443,1441,directed,1,63,Exchange
1441,1447,directed,1,64,Exchange
1447,1441,directed,1,64,Exchange
1443,1441,directed,1,64,Exchange
1441,1443,directed,1,64,Exchange
1447,1443,directed,1,64,Exchange
1450,1447,directed,1,64,Exchange
1443,1450,directed,1,64,Exchange
1443,1447,directed,1,64,Exchange
1450,1443,directed,1,64,Exchange
1447,1434,directed,1,64,Exchange
1434,1447,directed,1,64,Exchange
1447,1450,directed,1,65,Exchange
1450,1447,directed,1,65,Exchange
1443,1447,directed,1,65,Exchange
1447,1434,directed,1,65,Exchange
1434,1447,directed,1,65,Exchange
1450,1434,directed,1,65,Exchange
1434,1450,directed,1,65,Exchange
1443,1450,directed,1,65,Exchange
1446,1443,directed,1,65,Exchange
1434,1446,directed,1,65,Exchange
1446,1434,directed,1,65,Exchange
1443,1434,directed,1,65,Exchange
1434,1446,directed,1,66,Exchange
1446,1434,directed,1,66,Exchange
1443,1434,directed,1,66,Exchange
1446,1436,directed,1,66,Exchange
1436,1446,directed,1,66,Exchange
1443,1446,directed,1,66,Exchange
1447,1443,directed,1,66,Exchange
1436,1434,directed,1,66,Exchange
1443,1436,directed,1,66,Exchange
1446,1435,directed,1,66,Exchange
1435,1446,directed,1,66,Exchange
1447,1444,directed,1,66,Exchange
1444,1447,directed,1,66,Exchange
1443,1447,directed,1,66,Exchange
1446,1434,directed,1,67,Exchange
1434,1446,directed,1,67,Exchange
1443,1446,directed,1,67,Exchange
1435,1446,directed,1,67,Exchange
1446,1435,directed,1,67,Exchange
1443,1435,directed,1,67,Exchange
1435,1434,directed,1,67,Exchange
1434,1435,directed,1,67,Exchange
1450,1444,directed,1,67,Exchange
1444,1450,directed,1,67,Exchange
1443,1450,directed,1,67,Exchange
1450,1444,directed,1,68,Exchange
1444,1450,directed,1,68,Exchange
1443,1450,directed,1,68,Exchange
1450,1434,directed,1,68,Exchange
1443,1434,directed,1,68,Exchange
1441,1447,directed,1,68,Exchange
1443,1441,directed,1,68,Exchange
1443,1447,directed,1,68,Exchange
1450,1441,directed,1,68,Exchange
1436,1443,directed,1,69,Exchange
1440,1443,directed,1,69,Exchange
1434,1446,directed,1,69,Exchange
1446,1434,directed,1,69,Exchange
1443,1434,directed,1,69,Exchange
1435,1434,directed,1,69,Exchange
1434,1435,directed,1,69,Exchange
1443,1435,directed,1,69,Exchange
1435,1434,directed,1,70,Exchange
1443,1435,directed,1,70,Exchange
1443,1434,directed,1,70,Exchange
1440,1443,directed,1,70,Exchange
1450,1440,directed,1,70,Exchange
1443,1450,directed,1,70,Exchange
1443,1440,directed,1,70,Exchange
1447,1450,directed,1,70,Exchange
1443,1447,directed,1,70,Exchange
1447,1443,directed,1,70,Exchange
1436,1435,directed,1,70,Exchange
1443,1436,directed,1,70,Exchange
1435,1436,directed,1,71,Exchange
1443,1435,directed,1,71,Exchange
1443,1436,directed,1,71,Exchange
1434,1435,directed,1,71,Exchange
1435,1434,directed,1,71,Exchange
1443,1434,directed,1,71,Exchange
1439,1436,directed,1,71,Exchange
1436,1439,directed,1,71,Exchange
1443,1439,directed,1,71,Exchange
1434,1436,directed,1,71,Exchange
1436,1434,directed,1,71,Exchange
1450,1443,directed,1,72,Exchange
1450,1434,directed,1,72,Exchange
1434,1450,directed,1,72,Exchange
1443,1450,directed,1,72,Exchange
1446,1443,directed,1,72,Exchange
1447,1436,directed,1,73,Exchange
1436,1447,directed,1,73,Exchange
1443,1447,directed,1,73,Exchange
1447,1434,directed,1,73,Exchange
1434,1447,directed,1,73,Exchange
1434,1436,directed,1,73,Exchange
1436,1434,directed,1,73,Exchange
1443,1434,directed,1,73,Exchange
1441,1435,directed,1,73,Exchange
1435,1441,directed,1,73,Exchange
1443,1441,directed,1,73,Exchange
1441,1446,directed,1,73,Exchange
1446,1441,directed,1,73,Exchange
1446,1443,directed,1,73,Exchange
1447,1444,directed,1,73,Exchange
1443,1444,directed,1,73,Exchange
1436,1440,directed,1,73,Exchange
1443,1436,directed,1,73,Exchange
1443,1440,directed,1,73,Exchange
1446,1443,directed,1,74,Exchange
1434,1436,directed,1,74,Exchange
1436,1434,directed,1,74,Exchange
1443,1434,directed,1,74,Exchange
1447,1434,directed,1,74,Exchange
1434,1447,directed,1,74,Exchange
1443,1447,directed,1,74,Exchange
1436,1447,directed,1,74,Exchange
1447,1436,directed,1,74,Exchange
1443,1436,directed,1,74,Exchange
1436,1447,directed,1,75,Exchange
1443,1436,directed,1,75,Exchange
1443,1447,directed,1,75,Exchange
1447,1443,directed,1,75,Exchange
1447,1434,directed,1,75,Exchange
1434,1447,directed,1,75,Exchange
1444,1450,directed,1,76,Exchange
1444,1511,directed,1,77,Exchange
1511,1444,directed,1,77,Exchange
1444,1450,directed,1,77,Exchange
1450,1444,directed,1,77,Exchange
1444,1511,directed,1,78,Exchange
1511,1444,directed,1,78,Exchange
1511,1514,directed,1,78,Exchange
1444,1514,directed,1,78,Exchange
1450,1444,directed,1,78,Exchange
1444,1512,directed,1,78,Exchange
1512,1444,directed,1,78,Exchange
1444,1450,directed,1,79,Exchange
1444,1450,directed,1,80,Exchange
1450,1444,directed,1,80,Exchange
1444,1450,directed,1,81,Exchange
1450,1444,directed,1,81,Exchange
1444,1511,directed,1,82,Exchange
1511,1444,directed,1,82,Exchange
1529,1444,directed,1,83,Exchange
1444,1530,directed,1,83,Exchange
1444,1531,directed,1,83,Exchange
1530,1531,directed,1,83,Exchange
1531,1530,directed,1,83,Exchange
1444,1533,directed,1,84,Exchange
1533,1444,directed,1,84,Exchange
1444,1533,directed,1,85,Exchange
1533,1444,directed,1,85,Exchange
1444,1540,directed,1,85,Exchange
1444,2503,directed,1,87,Exchange
2503,1444,directed,1,87,Exchange
1444,1551,directed,1,88,Exchange
1551,1444,directed,1,88,Exchange
1551,1552,directed,1,88,Exchange
1552,1551,directed,1,88,Exchange
1552,1444,directed,1,88,Exchange
1444,1447,directed,1,88,Exchange
1447,1444,directed,1,88,Exchange
1447,1443,directed,1,89,Exchange
1444,1447,directed,1,89,Exchange
1444,1443,directed,1,89,Exchange
1444,1436,directed,1,89,Exchange
1436,1444,directed,1,89,Exchange
1436,1444,directed,1,90,Exchange
1514,1444,directed,1,91,Exchange
1444,1516,directed,1,92,Exchange
1516,1444,directed,1,92,Exchange
1444,1447,directed,1,92,Exchange
1441,1444,directed,1,92,Exchange
1441,1444,directed,1,93,Exchange
1444,1467,directed,1,93,Exchange
1467,1444,directed,1,93,Exchange
1511,1444,directed,1,93,Exchange
1511,1444,directed,1,94,Exchange
1441,1444,directed,1,94,Exchange
1444,1467,directed,1,95,Exchange
1467,1444,directed,1,95,Exchange
1467,1447,directed,1,95,Exchange
1444,1447,directed,1,95,Exchange
1444,1441,directed,1,96,Exchange
1441,1444,directed,1,96,Exchange
1444,1450,directed,1,96,Exchange
1450,1444,directed,1,96,Exchange
1441,1450,directed,1,96,Exchange
1450,1441,directed,1,96,Exchange
1444,1523,directed,1,97,Exchange
1523,1444,directed,1,97,Exchange
1523,1599,directed,1,97,Exchange
1444,1599,directed,1,97,Exchange
1523,1601,directed,1,97,Exchange
1601,1523,directed,1,97,Exchange
1444,1523,directed,1,98,Exchange
1523,1444,directed,1,98,Exchange
1444,1523,directed,1,99,Exchange
1523,1444,directed,1,99,Exchange
1444,1523,directed,1,100,Exchange
1523,1444,directed,1,100,Exchange
1444,1511,directed,1,101,Exchange
1511,1444,directed,1,101,Exchange
1447,1450,directed,1,101,Exchange
1444,1447,directed,1,101,Exchange
1444,1450,directed,1,101,Exchange
1447,1440,directed,1,101,Exchange
1444,1440,directed,1,101,Exchange
1450,1444,directed,1,101,Exchange
1441,1444,directed,1,101,Exchange
1441,1450,directed,1,102,Exchange
1450,1441,directed,1,102,Exchange
1444,1441,directed,1,102,Exchange
1441,1444,directed,1,103,Exchange
1441,1450,directed,1,103,Exchange
1444,1441,directed,1,103,Exchange
1444,1450,directed,1,103,Exchange
1441,1444,directed,1,104,Exchange
1441,1450,directed,1,104,Exchange
1444,1441,directed,1,104,Exchange
1444,1450,directed,1,104,Exchange
1444,1610,directed,1,104,Exchange
1610,1444,directed,1,104,Exchange
1578,1444,directed,1,105,Exchange
1444,1511,directed,1,106,Exchange
1511,1444,directed,1,106,Exchange
1511,1502,directed,1,106,Exchange
1502,1511,directed,1,106,Exchange
1444,1441,directed,1,106,Exchange
1441,1444,directed,1,106,Exchange
1511,1444,directed,1,107,Exchange
1578,1444,directed,1,107,Exchange
1502,1444,directed,1,107,Exchange
1444,1467,directed,1,107,Exchange
1467,1444,directed,1,107,Exchange
1444,1467,directed,1,108,Exchange
1467,1444,directed,1,108,Exchange
1447,1467,directed,1,108,Exchange
1444,1447,directed,1,108,Exchange
1444,1467,directed,1,109,Exchange
1467,1444,directed,1,109,Exchange
1444,1467,directed,1,110,Exchange
1467,1444,directed,1,110,Exchange
1467,1444,directed,1,111,Exchange
1444,1467,directed,1,111,Exchange
1467,1447,directed,1,111,Exchange
1447,1467,directed,1,111,Exchange
1447,1444,directed,1,111,Exchange
1444,1447,directed,1,111,Exchange
1444,1447,directed,1,112,Exchange
1447,1444,directed,1,112,Exchange
1444,1447,directed,1,113,Exchange
1447,1444,directed,1,113,Exchange
1444,1450,directed,1,113,Exchange
1444,1624,directed,1,113,Exchange
1624,1444,directed,1,113,Exchange
1444,1591,directed,1,114,Exchange
1591,1444,directed,1,114,Exchange
1440,1591,directed,1,114,Exchange
1444,1440,directed,1,114,Exchange
1440,1444,directed,1,114,Exchange
1591,1626,directed,1,114,Exchange
1626,1591,directed,1,114,Exchange
1591,1440,directed,1,115,Exchange
1440,1591,directed,1,115,Exchange
1444,1591,directed,1,115,Exchange
1440,1444,directed,1,115,Exchange
1444,1447,directed,1,115,Exchange
1447,1444,directed,1,115,Exchange
1440,1444,directed,1,116,Exchange
1450,1444,directed,1,116,Exchange
1444,1450,directed,1,116,Exchange
1444,1447,directed,1,117,Exchange
1444,1628,directed,1,117,Exchange
1628,1444,directed,1,117,Exchange
1444,1629,directed,1,117,Exchange
1629,1444,directed,1,117,Exchange
1628,1629,directed,1,117,Exchange
1629,1628,directed,1,117,Exchange
1628,1630,directed,1,118,Exchange
1630,1628,directed,1,118,Exchange
1444,1628,directed,1,118,Exchange
1629,1630,directed,1,118,Exchange
1630,1629,directed,1,118,Exchange
1444,1629,directed,1,118,Exchange
1444,1628,directed,1,119,Exchange
1628,1444,directed,1,119,Exchange
1444,1629,directed,1,119,Exchange
1629,1444,directed,1,119,Exchange
1444,1630,directed,1,119,Exchange
1630,1444,directed,1,119,Exchange
1628,1629,directed,1,119,Exchange
1629,1628,directed,1,119,Exchange
1628,1630,directed,1,119,Exchange
1630,1628,directed,1,119,Exchange
1629,1630,directed,1,119,Exchange
1630,1629,directed,1,119,Exchange
1444,1630,directed,1,120,Exchange
1630,1444,directed,1,120,Exchange
1444,1629,directed,1,120,Exchange
1629,1444,directed,1,120,Exchange
1444,1628,directed,1,120,Exchange
1444,1502,directed,1,120,Exchange
1629,1630,directed,1,120,Exchange
1630,1629,directed,1,120,Exchange
1444,1447,directed,1,121,Exchange
1444,1628,directed,1,121,Exchange
1628,1444,directed,1,121,Exchange
1444,1629,directed,1,121,Exchange
1629,1444,directed,1,121,Exchange
1628,1629,directed,1,121,Exchange
1629,1628,directed,1,121,Exchange
1628,1630,directed,1,121,Exchange
1630,1628,directed,1,121,Exchange
1629,1630,directed,1,121,Exchange
1630,1629,directed,1,121,Exchange
1444,1447,directed,1,122,Exchange
1447,1444,directed,1,122,Exchange
1628,1629,directed,1,122,Exchange
1629,1628,directed,1,122,Exchange
1444,1628,directed,1,122,Exchange
1571,1630,directed,1,122,Exchange
1630,1571,directed,1,122,Exchange
1444,1571,directed,1,122,Exchange
1629,1630,directed,1,122,Exchange
1630,1629,directed,1,122,Exchange
1444,1629,directed,1,122,Exchange
1444,1447,directed,1,123,Exchange
1447,1444,directed,1,123,Exchange
1450,1444,directed,1,123,Exchange
1450,1444,directed,1,124,Exchange
1444,1447,directed,1,124,Exchange
1447,1444,directed,1,124,Exchange
1444,1634,directed,1,125,Exchange
1444,1635,directed,1,125,Exchange
1635,1444,directed,1,125,Exchange
1444,1635,directed,1,126,Exchange
1635,1444,directed,1,126,Exchange
1635,1634,directed,1,126,Exchange
1444,1634,directed,1,126,Exchange
1444,1635,directed,1,127,Exchange
1635,1444,directed,1,127,Exchange
1444,1634,directed,1,127,Exchange
1635,1634,directed,1,127,Exchange
1444,1634,directed,1,128,Exchange
1444,1447,directed,1,128,Exchange
1447,1444,directed,1,128,Exchange
1450,1444,directed,1,128,Exchange
1444,1634,directed,1,129,Exchange
1444,1637,directed,1,129,Exchange
1637,1444,directed,1,129,Exchange
1637,1634,directed,1,130,Exchange
1444,1637,directed,1,130,Exchange
1444,1634,directed,1,130,Exchange
1637,1444,directed,1,130,Exchange
1444,1638,directed,1,130,Exchange
1638,1444,directed,1,130,Exchange
1444,1640,directed,1,130,Exchange
1640,1444,directed,1,130,Exchange
1444,1641,directed,1,130,Exchange
1641,1444,directed,1,130,Exchange
1444,1634,directed,1,131,Exchange
1634,1444,directed,1,131,Exchange
1643,1634,directed,1,131,Exchange
1444,1643,directed,1,131,Exchange
1444,1643,directed,1,132,Exchange
1643,1444,directed,1,132,Exchange
1643,1634,directed,1,132,Exchange
1444,1634,directed,1,132,Exchange
1444,1634,directed,1,133,Exchange
1444,1447,directed,1,133,Exchange
1447,1444,directed,1,133,Exchange
1444,1644,directed,1,133,Exchange
1450,1444,directed,1,133,Exchange
1444,1634,directed,1,134,Exchange
1444,1447,directed,1,134,Exchange
1447,1444,directed,1,134,Exchange
1444,1556,directed,1,135,Exchange
1556,1444,directed,1,135,Exchange
1444,1634,directed,1,135,Exchange
1444,1634,directed,1,136,Exchange
1444,1447,directed,1,136,Exchange
1447,1444,directed,1,136,Exchange
1444,1556,directed,1,136,Exchange
1556,1444,directed,1,136,Exchange
1447,1556,directed,1,136,Exchange
1556,1447,directed,1,136,Exchange
1444,1634,directed,1,137,Exchange
1444,1629,directed,1,137,Exchange
1629,1444,directed,1,137,Exchange
1628,1444,directed,1,138,Exchange
1629,1444,directed,1,138,Exchange
1630,1444,directed,1,138,Exchange
1628,1634,directed,1,138,Exchange
1444,1628,directed,1,138,Exchange
1444,1634,directed,1,138,Exchange
1629,1634,directed,1,138,Exchange
1444,1629,directed,1,138,Exchange
1630,1634,directed,1,138,Exchange
1444,1630,directed,1,138,Exchange
1444,1447,directed,1,138,Exchange
1447,1444,directed,1,138,Exchange
1444,1634,directed,1,139,Exchange
1634,1444,directed,1,139,Exchange
1444,1639,directed,1,139,Exchange
1639,1444,directed,1,139,Exchange
1444,1647,directed,1,139,Exchange
1647,1444,directed,1,139,Exchange
1647,1649,directed,1,139,Exchange
1649,1647,directed,1,139,Exchange
1650,1647,directed,1,139,Exchange
1647,1650,directed,1,139,Exchange
1444,1650,directed,1,139,Exchange
1639,1647,directed,1,140,Exchange
1647,1639,directed,1,140,Exchange
1444,1639,directed,1,140,Exchange
1639,1444,directed,1,140,Exchange
1628,1639,directed,1,140,Exchange
1444,1628,directed,1,140,Exchange
1444,1578,directed,1,141,Exchange
1578,1444,directed,1,141,Exchange
1444,1502,directed,1,141,Exchange
1502,1444,directed,1,141,Exchange
1444,1514,directed,1,141,Exchange
1514,1444,directed,1,141,Exchange
1444,1511,directed,1,141,Exchange
1511,1444,directed,1,141,Exchange
1444,1639,directed,1,141,Exchange
1639,1444,directed,1,141,Exchange
1578,1502,directed,1,141,Exchange
1502,1578,directed,1,141,Exchange
1578,1514,directed,1,141,Exchange
1514,1578,directed,1,141,Exchange
1578,1511,directed,1,141,Exchange
1511,1578,directed,1,141,Exchange
1578,1639,directed,1,141,Exchange
1639,1578,directed,1,141,Exchange
1502,1639,directed,1,141,Exchange
1639,1502,directed,1,141,Exchange
1514,1511,directed,1,141,Exchange
1511,1514,directed,1,141,Exchange
1514,1639,directed,1,141,Exchange
1639,1514,directed,1,141,Exchange
1511,1639,directed,1,141,Exchange
1639,1511,directed,1,141,Exchange
1578,1502,directed,1,142,Exchange
1502,1578,directed,1,142,Exchange
1444,1578,directed,1,142,Exchange
1502,1639,directed,1,142,Exchange
1639,1502,directed,1,142,Exchange
1444,1502,directed,1,142,Exchange
1514,1639,directed,1,142,Exchange
1444,1514,directed,1,142,Exchange
1444,1639,directed,1,142,Exchange
1647,1634,directed,1,142,Exchange
1444,1647,directed,1,142,Exchange
1444,1634,directed,1,142,Exchange
1639,1648,directed,1,142,Exchange
1648,1639,directed,1,142,Exchange
1444,1648,directed,1,142,Exchange
1648,1444,directed,1,142,Exchange
1511,1648,directed,1,142,Exchange
1444,1511,directed,1,142,Exchange
1444,1648,directed,1,143,Exchange
1648,1444,directed,1,143,Exchange
1648,1639,directed,1,143,Exchange
1639,1648,directed,1,143,Exchange
1648,1514,directed,1,143,Exchange
1514,1648,directed,1,143,Exchange
1648,1511,directed,1,143,Exchange
1511,1648,directed,1,143,Exchange
1648,1502,directed,1,143,Exchange
1502,1648,directed,1,143,Exchange
1648,1647,directed,1,143,Exchange
1647,1648,directed,1,143,Exchange
1639,1514,directed,1,143,Exchange
1514,1639,directed,1,143,Exchange
1444,1639,directed,1,143,Exchange
1639,1511,directed,1,143,Exchange
1511,1639,directed,1,143,Exchange
1639,1502,directed,1,143,Exchange
1502,1639,directed,1,143,Exchange
1639,1647,directed,1,143,Exchange
1647,1639,directed,1,143,Exchange
1514,1511,directed,1,143,Exchange
1511,1514,directed,1,143,Exchange
1444,1514,directed,1,143,Exchange
1511,1647,directed,1,143,Exchange
1647,1511,directed,1,143,Exchange
1444,1511,directed,1,143,Exchange
1648,1639,directed,1,144,Exchange
1639,1648,directed,1,144,Exchange
1444,1648,directed,1,144,Exchange
1639,1628,directed,1,144,Exchange
1628,1639,directed,1,144,Exchange
1444,1639,directed,1,144,Exchange
1639,1629,directed,1,144,Exchange
1629,1639,directed,1,144,Exchange
1630,1639,directed,1,144,Exchange
1639,1630,directed,1,144,Exchange
1444,1630,directed,1,144,Exchange
1514,1648,directed,1,144,Exchange
1648,1514,directed,1,144,Exchange
1444,1514,directed,1,144,Exchange
1648,1647,directed,1,144,Exchange
1647,1648,directed,1,144,Exchange
1648,1444,directed,1,144,Exchange
1511,1648,directed,1,144,Exchange
1444,1511,directed,1,144,Exchange
1648,1511,directed,1,145,Exchange
1511,1648,directed,1,145,Exchange
1444,1648,directed,1,145,Exchange
1511,1514,directed,1,145,Exchange
1514,1511,directed,1,145,Exchange
1444,1511,directed,1,145,Exchange
1648,1444,directed,1,145,Exchange
1514,1648,directed,1,145,Exchange
1444,1514,directed,1,145,Exchange
1514,1444,directed,1,145,Exchange
1511,1444,directed,1,145,Exchange
1578,1444,directed,1,145,Exchange
1578,1639,directed,1,145,Exchange
1444,1578,directed,1,145,Exchange
1444,1639,directed,1,145,Exchange
1578,1502,directed,1,145,Exchange
1444,1502,directed,1,145,Exchange
1502,1578,directed,1,146,Exchange
1578,1502,directed,1,146,Exchange
1444,1502,directed,1,146,Exchange
1578,1514,directed,1,146,Exchange
1514,1578,directed,1,146,Exchange
1444,1578,directed,1,146,Exchange
1578,1444,directed,1,146,Exchange
1514,1444,directed,1,146,Exchange
1655,1578,directed,1,146,Exchange
1444,1655,directed,1,146,Exchange
1578,1444,directed,1,147,Exchange
1514,1578,directed,1,147,Exchange
1444,1514,directed,1,147,Exchange
1444,1578,directed,1,147,Exchange
1514,1511,directed,1,147,Exchange
1511,1514,directed,1,147,Exchange
1514,1511,directed,1,148,Exchange
1511,1514,directed,1,148,Exchange
1444,1514,directed,1,148,Exchange
1654,1511,directed,1,148,Exchange
1444,1654,directed,1,148,Exchange
1444,1511,directed,1,148,Exchange
1578,1444,directed,1,148,Exchange
1444,1447,directed,1,148,Exchange
1447,1444,directed,1,148,Exchange
1444,1450,directed,1,148,Exchange
1444,1447,directed,1,149,Exchange
1447,1444,directed,1,149,Exchange
1578,1444,directed,1,149,Exchange
1444,1447,directed,1,150,Exchange
1447,1444,directed,1,150,Exchange
1444,1447,directed,1,151,Exchange
1447,1444,directed,1,151,Exchange
1444,1447,directed,1,152,Exchange
1447,1444,directed,1,152,Exchange
1444,1447,directed,1,153,Exchange
1447,1444,directed,1,153,Exchange
1444,1447,directed,1,154,Exchange
1447,1444,directed,1,154,Exchange
1444,1447,directed,1,155,Exchange
1447,1444,directed,1,155,Exchange
1444,1447,directed,1,156,Exchange
1447,1444,directed,1,156,Exchange
1444,1447,directed,1,157,Exchange
1447,1444,directed,1,157,Exchange
1444,1447,directed,1,158,Exchange
1447,1444,directed,1,158,Exchange
1444,1516,directed,1,158,Exchange
1516,1444,directed,1,158,Exchange
1444,1516,directed,1,159,Exchange
1516,1444,directed,1,159,Exchange
1444,1437,directed,1,159,Exchange
1444,1516,directed,1,160,Exchange
1516,1444,directed,1,160,Exchange
1444,1516,directed,1,161,Exchange
1516,1444,directed,1,161,Exchange
1444,1516,directed,1,162,Exchange
1516,1444,directed,1,162,Exchange
1444,1447,directed,1,162,Exchange
1447,1444,directed,1,162,Exchange
1444,1447,directed,1,163,Exchange
1447,1444,directed,1,163,Exchange
1444,1447,directed,1,164,Exchange
1447,1444,directed,1,164,Exchange
1444,1511,directed,1,164,Exchange
1511,1444,directed,1,164,Exchange
1444,1511,directed,1,165,Exchange
1511,1444,directed,1,165,Exchange
1514,1660,directed,1,165,Exchange
1660,1514,directed,1,165,Exchange
1444,1514,directed,1,165,Exchange
1578,1502,directed,1,165,Exchange
1444,1578,directed,1,165,Exchange
1444,1502,directed,1,165,Exchange
1514,1511,directed,1,166,Exchange
1511,1514,directed,1,166,Exchange
1444,1514,directed,1,166,Exchange
1514,1444,directed,1,166,Exchange
1444,1511,directed,1,166,Exchange
1511,1444,directed,1,166,Exchange
1511,1514,directed,1,167,Exchange
1514,1511,directed,1,167,Exchange
1444,1511,directed,1,167,Exchange
1511,1444,directed,1,167,Exchange
1444,1511,directed,1,168,Exchange
1511,1444,directed,1,168,Exchange
1444,1436,directed,1,170,Exchange
1436,1444,directed,1,170,Exchange
1444,1667,directed,1,171,Exchange
1667,1444,directed,1,171,Exchange
1450,1444,directed,1,175,Exchange
1444,1450,directed,1,175,Exchange
1437,1434,directed,1,175,Exchange
1434,1437,directed,1,175,Exchange
1444,1437,directed,1,175,Exchange
1444,1447,directed,1,175,Exchange
1447,1444,directed,1,175,Exchange
1450,1441,directed,1,175,Exchange
1441,1450,directed,1,175,Exchange
1444,1450,directed,1,176,Exchange
1450,1444,directed,1,176,Exchange
1450,1444,directed,1,177,Exchange
1444,1450,directed,1,177,Exchange
1444,1450,directed,1,178,Exchange
1450,1444,directed,1,178,Exchange
1434,1441,directed,1,180,Exchange
1441,1434,directed,1,180,Exchange
1441,1442,directed,1,180,Exchange
1442,1441,directed,1,180,Exchange
1441,1434,directed,1,181,Exchange
1434,1441,directed,1,181,Exchange
1434,1441,directed,1,182,Exchange
1441,1434,directed,1,182,Exchange
1434,1435,directed,1,183,Exchange
1435,1434,directed,1,183,Exchange
1436,1435,directed,1,183,Exchange
1435,1436,directed,1,183,Exchange
1434,1436,directed,1,183,Exchange
1436,1434,directed,1,183,Exchange
1450,1436,directed,1,184,Exchange
1436,1450,directed,1,184,Exchange
1434,1450,directed,1,184,Exchange
1434,1435,directed,1,184,Exchange
1435,1434,directed,1,184,Exchange
1434,1436,directed,1,185,Exchange
1436,1434,directed,1,185,Exchange
1434,1435,directed,1,185,Exchange
1435,1434,directed,1,185,Exchange
1441,1435,directed,1,185,Exchange
1434,1441,directed,1,185,Exchange
1441,1436,directed,1,185,Exchange
1436,1441,directed,1,185,Exchange
1441,1435,directed,1,186,Exchange
1434,1441,directed,1,186,Exchange
1434,1435,directed,1,186,Exchange
1436,1434,directed,1,186,Exchange
1434,1436,directed,1,186,Exchange
1436,1441,directed,1,186,Exchange
1441,1436,directed,1,186,Exchange
1441,1434,directed,1,186,Exchange
1446,1434,directed,1,186,Exchange
1434,1446,directed,1,186,Exchange
1434,1435,directed,1,187,Exchange
1435,1434,directed,1,187,Exchange
1434,1435,directed,1,188,Exchange
1435,1434,directed,1,188,Exchange
1434,1435,directed,1,189,Exchange
1435,1434,directed,1,189,Exchange
1434,1453,directed,1,189,Exchange
1453,1434,directed,1,189,Exchange
1455,1434,directed,1,189,Exchange
1434,1455,directed,1,189,Exchange
1455,1434,directed,1,190,Exchange
1434,1455,directed,1,190,Exchange
1447,1434,directed,1,190,Exchange
1434,1447,directed,1,190,Exchange
1453,1455,directed,1,190,Exchange
1455,1453,directed,1,190,Exchange
1434,1453,directed,1,190,Exchange
1434,1456,directed,1,191,Exchange
1456,1434,directed,1,191,Exchange
1434,1456,directed,1,192,Exchange
1456,1434,directed,1,192,Exchange
1434,1459,directed,1,193,Exchange
1459,1434,directed,1,193,Exchange
1434,1447,directed,1,193,Exchange
1434,1460,directed,1,193,Exchange
1460,1434,directed,1,193,Exchange
1461,1460,directed,1,193,Exchange
1434,1461,directed,1,193,Exchange
1461,1434,directed,1,193,Exchange
1434,1462,directed,1,193,Exchange
1462,1434,directed,1,193,Exchange
1462,1434,directed,1,194,Exchange
1434,1462,directed,1,194,Exchange
1434,1453,directed,1,194,Exchange
1453,1434,directed,1,194,Exchange
1434,1472,directed,1,195,Exchange
1472,1434,directed,1,195,Exchange
1434,1453,directed,1,195,Exchange
1453,1434,directed,1,195,Exchange
1466,1453,directed,1,195,Exchange
1453,1466,directed,1,195,Exchange
1434,1466,directed,1,195,Exchange
1441,1434,directed,1,196,Exchange
1434,1441,directed,1,196,Exchange
1448,1441,directed,1,197,Exchange
1441,1448,directed,1,197,Exchange
1434,1448,directed,1,197,Exchange
1450,1441,directed,1,198,Exchange
1441,1450,directed,1,198,Exchange
1434,1450,directed,1,198,Exchange
1434,1441,directed,1,198,Exchange
1441,1434,directed,1,198,Exchange
1450,1434,directed,1,198,Exchange
1434,1436,directed,1,198,Exchange
1436,1434,directed,1,198,Exchange
1441,1436,directed,1,198,Exchange
1436,1441,directed,1,198,Exchange
1441,1450,directed,1,199,Exchange
1450,1441,directed,1,199,Exchange
1434,1441,directed,1,199,Exchange
1441,1435,directed,1,199,Exchange
1434,1435,directed,1,199,Exchange
1436,1441,directed,1,199,Exchange
1441,1436,directed,1,199,Exchange
1434,1436,directed,1,199,Exchange
1441,1436,directed,1,200,Exchange
1436,1441,directed,1,200,Exchange
1434,1441,directed,1,200,Exchange
1441,1434,directed,1,200,Exchange
1434,1436,directed,1,200,Exchange
1436,1434,directed,1,200,Exchange
1441,1450,directed,1,200,Exchange
1450,1441,directed,1,200,Exchange
1434,1441,directed,1,201,Exchange
1441,1434,directed,1,201,Exchange
1441,1448,directed,1,201,Exchange
1448,1441,directed,1,201,Exchange
1434,1448,directed,1,201,Exchange
1448,1434,directed,1,201,Exchange
1434,1447,directed,1,202,Exchange
1447,1434,directed,1,202,Exchange
1434,1447,directed,1,203,Exchange
1447,1434,directed,1,203,Exchange
1434,1447,directed,1,204,Exchange
1447,1434,directed,1,204,Exchange
1471,1434,directed,1,204,Exchange
1434,1471,directed,1,204,Exchange
1434,1470,directed,1,204,Exchange
1470,1434,directed,1,204,Exchange
1436,1434,directed,1,205,Exchange
1434,1436,directed,1,205,Exchange
1434,1470,directed,1,205,Exchange
1470,1434,directed,1,205,Exchange
1447,1434,directed,1,205,Exchange
1434,1447,directed,1,205,Exchange
1434,1447,directed,1,206,Exchange
1447,1434,directed,1,206,Exchange
1434,1436,directed,1,207,Exchange
1436,1434,directed,1,207,Exchange
1441,1436,directed,1,207,Exchange
1436,1441,directed,1,207,Exchange
1434,1441,directed,1,207,Exchange
1441,1434,directed,1,207,Exchange
1436,1434,directed,1,208,Exchange
1434,1436,directed,1,208,Exchange
1447,1434,directed,1,208,Exchange
1434,1447,directed,1,208,Exchange
1434,1447,directed,1,209,Exchange
1447,1434,directed,1,209,Exchange
1447,1434,directed,1,210,Exchange
1434,1447,directed,1,210,Exchange
1434,1453,directed,1,210,Exchange
1453,1434,directed,1,210,Exchange
1434,1447,directed,1,211,Exchange
1435,1455,directed,1,211,Exchange
1455,1435,directed,1,211,Exchange
1434,1435,directed,1,211,Exchange
1435,1434,directed,1,212,Exchange
1434,1435,directed,1,212,Exchange
1434,1435,directed,1,213,Exchange
1435,1434,directed,1,213,Exchange
1447,1435,directed,1,213,Exchange
1435,1447,directed,1,213,Exchange
1434,1447,directed,1,213,Exchange
1434,1435,directed,1,214,Exchange
1435,1434,directed,1,214,Exchange
1435,1447,directed,1,214,Exchange
1447,1435,directed,1,214,Exchange
1434,1435,directed,1,215,Exchange
1435,1434,directed,1,215,Exchange
1434,1453,directed,1,215,Exchange
1453,1434,directed,1,215,Exchange
1434,1453,directed,1,216,Exchange
1453,1434,directed,1,216,Exchange
1434,1474,directed,1,216,Exchange
1474,1434,directed,1,216,Exchange
1434,1441,directed,1,216,Exchange
1441,1434,directed,1,216,Exchange
1434,1776,directed,1,216,Exchange
1776,1434,directed,1,216,Exchange
1434,1441,directed,1,217,Exchange
1441,1434,directed,1,217,Exchange
1434,1453,directed,1,217,Exchange
1453,1434,directed,1,217,Exchange
1434,1460,directed,1,217,Exchange
1460,1434,directed,1,217,Exchange
1434,1459,directed,1,217,Exchange
1459,1434,directed,1,217,Exchange
1434,1460,directed,1,218,Exchange
1460,1434,directed,1,218,Exchange
1434,1475,directed,1,218,Exchange
1475,1434,directed,1,218,Exchange
1475,1460,directed,1,218,Exchange
1460,1475,directed,1,218,Exchange
1476,1434,directed,1,218,Exchange
1434,1476,directed,1,218,Exchange
1436,1434,directed,1,218,Exchange
1434,1436,directed,1,218,Exchange
1441,1434,directed,1,218,Exchange
1434,1441,directed,1,218,Exchange
1434,1441,directed,1,219,Exchange
1441,1434,directed,1,219,Exchange
1441,1434,directed,1,220,Exchange
1434,1441,directed,1,220,Exchange
1441,1450,directed,1,220,Exchange
1450,1441,directed,1,220,Exchange
1434,1441,directed,1,221,Exchange
1441,1434,directed,1,221,Exchange
1441,1436,directed,1,221,Exchange
1436,1441,directed,1,221,Exchange
1434,1436,directed,1,221,Exchange
1436,1434,directed,1,221,Exchange
1434,1441,directed,1,222,Exchange
1441,1434,directed,1,222,Exchange
1441,1436,directed,1,222,Exchange
1436,1441,directed,1,222,Exchange
1448,1434,directed,1,223,Exchange
1434,1448,directed,1,223,Exchange
1434,1441,directed,1,223,Exchange
1441,1434,directed,1,223,Exchange
1448,1441,directed,1,223,Exchange
1441,1448,directed,1,223,Exchange
1434,1448,directed,1,224,Exchange
1448,1434,directed,1,224,Exchange
1441,1434,directed,1,224,Exchange
1434,1441,directed,1,224,Exchange
1448,1441,directed,1,224,Exchange
1441,1448,directed,1,224,Exchange
1434,1441,directed,1,225,Exchange
1441,1434,directed,1,225,Exchange
1434,1441,directed,1,226,Exchange
1441,1434,directed,1,226,Exchange
1459,1434,directed,1,226,Exchange
1434,1459,directed,1,226,Exchange
1453,1434,directed,1,227,Exchange
1434,1453,directed,1,227,Exchange
1453,1434,directed,1,228,Exchange
1434,1453,directed,1,228,Exchange
1453,1434,directed,1,229,Exchange
1434,1453,directed,1,229,Exchange
1434,1455,directed,1,230,Exchange
1455,1434,directed,1,230,Exchange
1434,1455,directed,1,231,Exchange
1455,1434,directed,1,231,Exchange
1434,1441,directed,1,233,Exchange
1441,1434,directed,1,233,Exchange
1462,1434,directed,1,233,Exchange
1434,1462,directed,1,233,Exchange
1480,1434,directed,1,234,Exchange
1434,1480,directed,1,234,Exchange
1434,1453,directed,1,235,Exchange
1453,1434,directed,1,235,Exchange
1434,1441,directed,1,236,Exchange
1441,1434,directed,1,236,Exchange
1434,1441,directed,1,237,Exchange
1441,1434,directed,1,237,Exchange
1434,1441,directed,1,238,Exchange
1441,1434,directed,1,238,Exchange
1434,1481,directed,1,239,Exchange
1481,1434,directed,1,239,Exchange
1436,1434,directed,1,243,Exchange
1434,1436,directed,1,243,Exchange
1434,1459,directed,1,243,Exchange
1459,1434,directed,1,243,Exchange
1434,1459,directed,1,244,Exchange
1459,1434,directed,1,244,Exchange
1434,1459,directed,1,245,Exchange
1459,1434,directed,1,245,Exchange
1434,1453,directed,1,245,Exchange
1453,1434,directed,1,245,Exchange
1434,1453,directed,1,246,Exchange
1453,1434,directed,1,246,Exchange
1434,1441,directed,1,246,Exchange
1441,1434,directed,1,246,Exchange
1434,1441,directed,1,247,Exchange
1441,1434,directed,1,247,Exchange
1434,1453,directed,1,248,Exchange
1453,1434,directed,1,248,Exchange
1434,1453,directed,1,249,Exchange
1453,1434,directed,1,249,Exchange
1434,1455,directed,1,249,Exchange
1455,1434,directed,1,249,Exchange
1455,1434,directed,1,250,Exchange
1434,1455,directed,1,250,Exchange
1434,1453,directed,1,250,Exchange
1453,1434,directed,1,250,Exchange
1484,1434,directed,1,252,Exchange
1434,1484,directed,1,252,Exchange
1434,1436,directed,1,253,Exchange
1436,1434,directed,1,253,Exchange
1434,1446,directed,1,253,Exchange
1446,1434,directed,1,253,Exchange
1436,1446,directed,1,254,Exchange
1446,1436,directed,1,254,Exchange
1434,1436,directed,1,254,Exchange
1436,1434,directed,1,254,Exchange
1446,1434,directed,1,254,Exchange
1434,1446,directed,1,254,Exchange
1446,1434,directed,1,255,Exchange
1434,1446,directed,1,255,Exchange
1436,1434,directed,1,255,Exchange
1434,1436,directed,1,255,Exchange
1446,1434,directed,1,256,Exchange
1434,1446,directed,1,256,Exchange
1434,1436,directed,1,256,Exchange
1436,1434,directed,1,256,Exchange
1434,1436,directed,1,257,Exchange
1436,1434,directed,1,257,Exchange
1436,1441,directed,1,257,Exchange
1441,1436,directed,1,257,Exchange
1436,1435,directed,1,257,Exchange
1434,1435,directed,1,257,Exchange
1441,1435,directed,1,257,Exchange
1435,1441,directed,1,257,Exchange
1434,1441,directed,1,257,Exchange
1441,1434,directed,1,257,Exchange
1435,1434,directed,1,258,Exchange
1434,1435,directed,1,258,Exchange
1434,1441,directed,1,258,Exchange
1441,1434,directed,1,258,Exchange
1434,1441,directed,1,259,Exchange
1441,1434,directed,1,259,Exchange
1435,1434,directed,1,259,Exchange
1434,1435,directed,1,259,Exchange
1435,1441,directed,1,259,Exchange
1441,1435,directed,1,259,Exchange
1441,1435,directed,1,260,Exchange
1435,1441,directed,1,260,Exchange
1434,1441,directed,1,260,Exchange
1441,1434,directed,1,260,Exchange
1441,1434,directed,1,261,Exchange
1434,1441,directed,1,261,Exchange
1441,1450,directed,1,261,Exchange
1450,1441,directed,1,261,Exchange
1434,1441,directed,1,262,Exchange
1441,1434,directed,1,262,Exchange
1441,1450,directed,1,262,Exchange
1450,1441,directed,1,262,Exchange
1447,1441,directed,1,262,Exchange
1441,1447,directed,1,262,Exchange
1434,1447,directed,1,262,Exchange
1434,1441,directed,1,263,Exchange
1441,1434,directed,1,263,Exchange
1441,1435,directed,1,263,Exchange
1435,1441,directed,1,263,Exchange
1436,1441,directed,1,267,Exchange
1441,1436,directed,1,267,Exchange
1436,1441,directed,1,268,Exchange
1441,1436,directed,1,268,Exchange
1436,1446,directed,1,268,Exchange
1446,1436,directed,1,268,Exchange
1436,1446,directed,1,269,Exchange
1446,1436,directed,1,269,Exchange
1436,1446,directed,1,270,Exchange
1446,1436,directed,1,270,Exchange
1441,1436,directed,1,270,Exchange
1436,1441,directed,1,270,Exchange
1436,1441,directed,1,271,Exchange
1441,1436,directed,1,271,Exchange
1436,1441,directed,1,272,Exchange
1441,1436,directed,1,272,Exchange
1436,1446,directed,1,272,Exchange
1446,1436,directed,1,272,Exchange
1436,1446,directed,1,273,Exchange
1446,1436,directed,1,273,Exchange
1446,1436,directed,1,274,Exchange
1436,1446,directed,1,274,Exchange
1436,1446,directed,1,275,Exchange
1446,1436,directed,1,275,Exchange
1436,1441,directed,1,275,Exchange
1441,1436,directed,1,275,Exchange
1441,1446,directed,1,275,Exchange
1446,1441,directed,1,275,Exchange
1446,1434,directed,1,275,Exchange
1434,1446,directed,1,275,Exchange
1436,1446,directed,1,276,Exchange
1446,1436,directed,1,276,Exchange
1436,1443,directed,1,276,Exchange
1443,1436,directed,1,276,Exchange
1446,1443,directed,1,276,Exchange
1443,1446,directed,1,276,Exchange
1434,1441,directed,1,277,Exchange
1441,1434,directed,1,277,Exchange
1436,1434,directed,1,277,Exchange
1434,1436,directed,1,277,Exchange
1436,1434,directed,1,278,Exchange
1434,1436,directed,1,278,Exchange
1436,1441,directed,1,278,Exchange
1441,1436,directed,1,278,Exchange
1434,1441,directed,1,278,Exchange
1441,1434,directed,1,278,Exchange
1434,1441,directed,1,279,Exchange
1441,1434,directed,1,279,Exchange
1436,1435,directed,1,279,Exchange
1441,1434,directed,1,280,Exchange
1434,1441,directed,1,280,Exchange
1436,1435,directed,1,280,Exchange
1436,1434,directed,1,280,Exchange
1434,1436,directed,1,280,Exchange
1436,1441,directed,1,280,Exchange
1441,1436,directed,1,280,Exchange
1436,1434,directed,1,281,Exchange
1434,1436,directed,1,281,Exchange
1441,1436,directed,1,281,Exchange
1436,1441,directed,1,281,Exchange
1441,1434,directed,1,281,Exchange
1434,1441,directed,1,281,Exchange
1434,1441,directed,1,282,Exchange
1441,1434,directed,1,282,Exchange
1441,1436,directed,1,282,Exchange
1436,1441,directed,1,282,Exchange
1436,1435,directed,1,282,Exchange
1436,1441,directed,1,283,Exchange
1441,1436,directed,1,283,Exchange
1441,1434,directed,1,283,Exchange
1434,1441,directed,1,283,Exchange
1441,1434,directed,1,284,Exchange
1434,1441,directed,1,284,Exchange
1436,1434,directed,1,284,Exchange
1434,1436,directed,1,284,Exchange
1434,1507,directed,1,284,Exchange
1507,1434,directed,1,284,Exchange
1446,1436,directed,1,284,Exchange
1436,1446,directed,1,284,Exchange
1436,1446,directed,1,285,Exchange
1446,1436,directed,1,285,Exchange
1446,1443,directed,1,285,Exchange
1443,1446,directed,1,285,Exchange
1446,1436,directed,1,286,Exchange
1436,1446,directed,1,286,Exchange
1436,1443,directed,1,286,Exchange
1443,1436,directed,1,286,Exchange
1436,1446,directed,1,287,Exchange
1446,1436,directed,1,287,Exchange
1443,1446,directed,1,287,Exchange
1446,1443,directed,1,287,Exchange
1436,1446,directed,1,288,Exchange
1446,1436,directed,1,288,Exchange
1443,1446,directed,1,288,Exchange
1446,1443,directed,1,288,Exchange
1443,1436,directed,1,288,Exchange
1436,1443,directed,1,288,Exchange
1436,1443,directed,1,289,Exchange
1443,1436,directed,1,289,Exchange
1446,1436,directed,1,289,Exchange
1436,1446,directed,1,289,Exchange
1438,1436,directed,1,290,Exchange
1436,1438,directed,1,290,Exchange
1446,1438,directed,1,290,Exchange
1438,1446,directed,1,290,Exchange
1446,1436,directed,1,290,Exchange
1436,1446,directed,1,290,Exchange
1436,1520,directed,1,291,Exchange
1520,1436,directed,1,291,Exchange
1526,1526,directed,1,291,Exchange
1438,1527,directed,1,292,Exchange
1527,1438,directed,1,292,Exchange
1573,1573,directed,1,292,Exchange
1532,1534,directed,1,292,Exchange
1534,1532,directed,1,292,Exchange
1509,1532,directed,1,293,Exchange
1532,1509,directed,1,293,Exchange
1436,1438,directed,1,293,Exchange
1438,1436,directed,1,293,Exchange
1436,1443,directed,1,293,Exchange
1443,1436,directed,1,293,Exchange
1436,1443,directed,1,294,Exchange
1443,1436,directed,1,294,Exchange
1509,1532,directed,1,294,Exchange
1532,1509,directed,1,294,Exchange
1547,1532,directed,1,295,Exchange
1532,1547,directed,1,295,Exchange
1509,1532,directed,1,295,Exchange
1532,1509,directed,1,295,Exchange
1509,1532,directed,1,296,Exchange
1532,1509,directed,1,296,Exchange
1547,1532,directed,1,296,Exchange
1532,1547,directed,1,296,Exchange
1509,1532,directed,1,297,Exchange
1532,1509,directed,1,297,Exchange
1532,1532,directed,1,297,Exchange
1438,1436,directed,1,297,Exchange
1436,1438,directed,1,297,Exchange
1438,1436,directed,1,298,Exchange
1436,1438,directed,1,298,Exchange
1436,1446,directed,1,298,Exchange
1446,1436,directed,1,298,Exchange
1441,1436,directed,1,299,Exchange
1436,1441,directed,1,299,Exchange
1436,1441,directed,1,300,Exchange
1441,1436,directed,1,300,Exchange
1436,1446,directed,1,301,Exchange
1446,1436,directed,1,301,Exchange
1434,1507,directed,1,302,Exchange
1507,1434,directed,1,302,Exchange
1507,1562,directed,1,302,Exchange
1562,1507,directed,1,302,Exchange
1561,1562,directed,1,302,Exchange
1562,1561,directed,1,302,Exchange
1507,1563,directed,1,302,Exchange
1563,1507,directed,1,302,Exchange
1507,1434,directed,1,303,Exchange
1434,1507,directed,1,303,Exchange
1434,1507,directed,1,304,Exchange
1507,1434,directed,1,304,Exchange
1434,1564,directed,1,305,Exchange
1564,1434,directed,1,305,Exchange
1434,1567,directed,1,308,Exchange
1567,1434,directed,1,308,Exchange
1434,1568,directed,1,309,Exchange
1568,1434,directed,1,309,Exchange
1434,1568,directed,1,310,Exchange
1568,1434,directed,1,310,Exchange
1434,1569,directed,1,311,Exchange
1569,1434,directed,1,311,Exchange
1569,1434,directed,1,312,Exchange
1434,1569,directed,1,312,Exchange
1569,1479,directed,1,312,Exchange
1479,1569,directed,1,312,Exchange
1434,1570,directed,1,312,Exchange
1570,1434,directed,1,312,Exchange
1434,1571,directed,1,312,Exchange
1571,1434,directed,1,312,Exchange
1434,1572,directed,1,312,Exchange
1572,1434,directed,1,312,Exchange
1434,1571,directed,1,313,Exchange
1571,1434,directed,1,313,Exchange
1434,1572,directed,1,313,Exchange
1572,1434,directed,1,313,Exchange
1571,1572,directed,1,313,Exchange
1572,1571,directed,1,313,Exchange
1434,1574,directed,1,313,Exchange
1574,1434,directed,1,313,Exchange
1436,1446,directed,1,314,Exchange
1446,1436,directed,1,314,Exchange
1443,1446,directed,1,314,Exchange
1446,1443,directed,1,314,Exchange
1443,1446,directed,1,315,Exchange
1446,1443,directed,1,315,Exchange
1445,1445,directed,1,315,Exchange
1443,1446,directed,1,316,Exchange
1446,1443,directed,1,316,Exchange
1436,1446,directed,1,316,Exchange
1446,1436,directed,1,316,Exchange
1436,1443,directed,1,316,Exchange
1443,1436,directed,1,316,Exchange
1446,1437,directed,1,316,Exchange
1437,1446,directed,1,316,Exchange
1436,1443,directed,1,317,Exchange
1443,1436,directed,1,317,Exchange
1446,1436,directed,1,317,Exchange
1436,1446,directed,1,317,Exchange
1446,1441,directed,1,317,Exchange
1441,1446,directed,1,317,Exchange
1446,1436,directed,1,318,Exchange
1436,1446,directed,1,318,Exchange
1446,1436,directed,1,319,Exchange
1436,1446,directed,1,319,Exchange
1446,1443,directed,1,319,Exchange
1443,1446,directed,1,319,Exchange
1446,1575,directed,1,319,Exchange
1575,1446,directed,1,319,Exchange
1446,1443,directed,1,320,Exchange
1443,1446,directed,1,320,Exchange
1434,1446,directed,1,320,Exchange
1446,1434,directed,1,320,Exchange
1434,1443,directed,1,320,Exchange
1443,1434,directed,1,320,Exchange