source,target,startPage,type,weight
385,223,3,Undirected,1
324,325,4,Undirected,1
324,331,4,Undirected,1
330,335,4,Undirected,1
324,328,4,Undirected,1
324,334,4,Undirected,1
328,331,4,Undirected,1
329,330,4,Undirected,1
328,334,4,Undirected,1
325,326,4,Undirected,1
326,331,4,Undirected,1
325,329,4,Undirected,1
326,328,4,Undirected,1
326,334,4,Undirected,1
334,335,4,Undirected,1
327,329,4,Undirected,1
327,335,4,Undirected,1
325,335,4,Undirected,1
330,331,4,Undirected,1
330,334,4,Undirected,1
324,327,4,Undirected,1
324,330,4,Undirected,1
328,330,4,Undirected,1
331,335,4,Undirected,1
329,335,4,Undirected,1
325,328,4,Undirected,1
326,327,4,Undirected,1
325,331,4,Undirected,1
327,328,4,Undirected,1
326,330,4,Undirected,1
325,334,4,Undirected,1
327,331,4,Undirected,1
327,334,4,Undirected,1
324,326,4,Undirected,1
324,329,4,Undirected,1
324,335,4,Undirected,1
329,331,4,Undirected,1
328,329,4,Undirected,1
328,335,4,Undirected,1
329,334,4,Undirected,1
331,334,4,Undirected,1
326,329,4,Undirected,1
325,327,4,Undirected,1
325,330,4,Undirected,1
326,335,4,Undirected,1
327,330,4,Undirected,1
332,338,5,Undirected,1
333,337,5,Undirected,1
338,339,5,Undirected,1
325,332,5,Undirected,1
325,338,5,Undirected,1
336,338,5,Undirected,1
333,336,5,Undirected,1
333,339,5,Undirected,1
332,337,5,Undirected,1
337,339,5,Undirected,1
325,339,5,Undirected,1
325,337,5,Undirected,1
336,337,5,Undirected,1
332,333,5,Undirected,1
333,338,5,Undirected,1
332,336,5,Undirected,1
332,339,5,Undirected,1
337,338,5,Undirected,1
325,333,5,Undirected,1
325,336,5,Undirected,1
336,339,5,Undirected,1
341,344,6,Undirected,1
340,345,6,Undirected,1
340,223,6,Undirected,1
340,342,6,Undirected,1
342,345,6,Undirected,1
342,223,6,Undirected,1
343,344,6,Undirected,1
344,345,6,Undirected,1
344,223,6,Undirected,1
341,343,6,Undirected,1
341,346,6,Undirected,1
346,223,6,Undirected,1
340,341,6,Undirected,1
340,344,6,Undirected,1
343,346,6,Undirected,1
342,344,6,Undirected,1
345,346,6,Undirected,1
341,345,6,Undirected,1
341,223,6,Undirected,1
341,342,6,Undirected,1
340,343,6,Undirected,1
340,346,6,Undirected,1
343,345,6,Undirected,1
342,343,6,Undirected,1
343,223,6,Undirected,1
342,346,6,Undirected,1
345,223,6,Undirected,1
344,346,6,Undirected,1
347,348,7,Undirected,1
347,351,7,Undirected,1
352,347,7,Undirected,1
352,350,7,Undirected,1
349,351,7,Undirected,1
352,353,7,Undirected,1
348,349,7,Undirected,1
340,348,7,Undirected,1
340,351,7,Undirected,1
353,348,7,Undirected,1
353,351,7,Undirected,1
352,340,7,Undirected,1
347,350,7,Undirected,1
349,350,7,Undirected,1
352,349,7,Undirected,1
340,347,7,Undirected,1
340,350,7,Undirected,1
348,351,7,Undirected,1
353,347,7,Undirected,1
353,350,7,Undirected,1
347,349,7,Undirected,1
350,351,7,Undirected,1
352,348,7,Undirected,1
352,351,7,Undirected,1
348,350,7,Undirected,1
353,340,7,Undirected,1
353,349,7,Undirected,1
340,349,7,Undirected,1
354,351,8,Undirected,1
325,351,8,Undirected,1
354,325,8,Undirected,1
325,351,9,Undirected,1
325,351,10,Undirected,1
68,69,15,Undirected,1
66,68,15,Undirected,1
66,70,15,Undirected,1
68,70,15,Undirected,1
69,70,15,Undirected,1
66,69,15,Undirected,1
66,70,16,Undirected,1
68,69,17,Undirected,1
66,68,17,Undirected,1
66,71,17,Undirected,1
68,71,17,Undirected,1
69,71,17,Undirected,1
66,69,17,Undirected,1
69,72,18,Undirected,1
134,135,18,Undirected,1
135,72,18,Undirected,1
66,135,18,Undirected,1
66,134,18,Undirected,1
69,135,18,Undirected,1
134,72,18,Undirected,1
69,134,18,Undirected,1
66,69,18,Undirected,1
66,72,18,Undirected,1
66,70,19,Undirected,1
73,66,19,Undirected,1
73,70,19,Undirected,1
69,70,19,Undirected,1
66,69,19,Undirected,1
73,69,19,Undirected,1
74,69,20,Undirected,1
137,74,20,Undirected,1
66,74,20,Undirected,1
137,66,20,Undirected,1
66,69,20,Undirected,1
137,69,20,Undirected,1
69,77,21,Undirected,1
69,74,21,Undirected,1
261,76,21,Undirected,1
74,76,21,Undirected,1
66,69,21,Undirected,1
66,75,21,Undirected,1
66,261,21,Undirected,1
69,76,21,Undirected,1
261,75,21,Undirected,1
74,75,21,Undirected,1
75,77,21,Undirected,1
66,77,21,Undirected,1
66,74,21,Undirected,1
69,75,21,Undirected,1
69,261,21,Undirected,1
74,77,21,Undirected,1
261,74,21,Undirected,1
75,76,21,Undirected,1
76,77,21,Undirected,1
261,77,21,Undirected,1
66,76,21,Undirected,1
66,78,22,Undirected,1
261,69,22,Undirected,1
66,261,22,Undirected,1
261,78,22,Undirected,1
66,77,22,Undirected,1
69,78,22,Undirected,1
69,77,22,Undirected,1
77,78,22,Undirected,1
261,77,22,Undirected,1
66,69,22,Undirected,1
69,77,23,Undirected,1
66,69,23,Undirected,1
66,77,23,Undirected,1
66,84,24,Undirected,1
130,77,24,Undirected,1
66,77,24,Undirected,1
69,139,24,Undirected,1
69,84,24,Undirected,1
139,84,24,Undirected,1
139,77,24,Undirected,1
69,77,24,Undirected,1
77,84,24,Undirected,1
130,69,24,Undirected,1
66,130,24,Undirected,1
66,69,24,Undirected,1
130,139,24,Undirected,1
130,84,24,Undirected,1
66,139,24,Undirected,1
66,84,25,Undirected,1
84,77,25,Undirected,1
66,77,25,Undirected,1
66,84,26,Undirected,1
84,77,26,Undirected,1
66,77,26,Undirected,1
99,103,28,Undirected,1
98,101,28,Undirected,1
99,100,28,Undirected,1
98,104,28,Undirected,1
101,103,28,Undirected,1
101,100,28,Undirected,1
104,102,28,Undirected,1
98,67,28,Undirected,1
97,99,28,Undirected,1
67,101,28,Undirected,1
97,102,28,Undirected,1
98,79,28,Undirected,1
67,104,28,Undirected,1
100,104,28,Undirected,1
98,100,28,Undirected,1
98,103,28,Undirected,1
99,102,28,Undirected,1
100,79,28,Undirected,1
101,102,28,Undirected,1
102,79,28,Undirected,1
67,79,28,Undirected,1
103,102,28,Undirected,1
97,98,28,Undirected,1
97,101,28,Undirected,1
97,104,28,Undirected,1
67,103,28,Undirected,1
100,103,28,Undirected,1
67,100,28,Undirected,1
104,79,28,Undirected,1
97,67,28,Undirected,1
99,101,28,Undirected,1
98,99,28,Undirected,1
97,79,28,Undirected,1
99,104,28,Undirected,1
98,102,28,Undirected,1
101,104,28,Undirected,1
103,104,28,Undirected,1
97,100,28,Undirected,1
97,103,28,Undirected,1
67,99,28,Undirected,1
99,79,28,Undirected,1
67,102,28,Undirected,1
100,102,28,Undirected,1
101,79,28,Undirected,1
103,79,28,Undirected,1
141,92,29,Undirected,1
90,91,29,Undirected,1
141,91,29,Undirected,1
67,90,29,Undirected,1
67,141,29,Undirected,1
141,90,29,Undirected,1
67,92,29,Undirected,1
90,92,29,Undirected,1
91,92,29,Undirected,1
67,91,29,Undirected,1
92,142,30,Undirected,1
67,142,30,Undirected,1
92,93,30,Undirected,1
67,93,30,Undirected,1
93,142,30,Undirected,1
67,92,30,Undirected,1
67,94,31,Undirected,1
92,93,31,Undirected,1
93,94,31,Undirected,1
67,93,31,Undirected,1
67,92,31,Undirected,1
92,94,31,Undirected,1
93,92,32,Undirected,1
93,85,32,Undirected,1
67,92,32,Undirected,1
92,85,32,Undirected,1
93,67,32,Undirected,1
67,85,32,Undirected,1
98,92,33,Undirected,1
99,103,33,Undirected,1
98,101,33,Undirected,1
99,100,33,Undirected,1
98,104,33,Undirected,1
101,103,33,Undirected,1
104,93,33,Undirected,1
97,93,33,Undirected,1
104,102,33,Undirected,1
98,67,33,Undirected,1
67,92,33,Undirected,1
97,99,33,Undirected,1
100,92,33,Undirected,1
97,102,33,Undirected,1
67,101,33,Undirected,1
100,101,33,Undirected,1
102,92,33,Undirected,1
67,104,33,Undirected,1
100,104,33,Undirected,1
101,93,33,Undirected,1
98,100,33,Undirected,1
99,93,33,Undirected,1
98,103,33,Undirected,1
103,93,33,Undirected,1
99,102,33,Undirected,1
104,92,33,Undirected,1
101,102,33,Undirected,1
97,92,33,Undirected,1
97,98,33,Undirected,1
103,102,33,Undirected,1
97,101,33,Undirected,1
97,104,33,Undirected,1
67,103,33,Undirected,1
100,103,33,Undirected,1
67,100,33,Undirected,1
92,93,33,Undirected,1
97,67,33,Undirected,1
98,93,33,Undirected,1
99,92,33,Undirected,1
99,101,33,Undirected,1
98,99,33,Undirected,1
101,92,33,Undirected,1
99,104,33,Undirected,1
98,102,33,Undirected,1
103,92,33,Undirected,1
101,104,33,Undirected,1
103,104,33,Undirected,1
97,100,33,Undirected,1
97,103,33,Undirected,1
102,93,33,Undirected,1
67,93,33,Undirected,1
67,99,33,Undirected,1
100,93,33,Undirected,1
67,102,33,Undirected,1
100,102,33,Undirected,1
93,69,34,Undirected,1
93,92,34,Undirected,1
67,93,34,Undirected,1
67,92,34,Undirected,1
69,92,34,Undirected,1
67,69,34,Undirected,1
143,92,35,Undirected,1
92,93,35,Undirected,1
386,93,35,Undirected,1
143,93,35,Undirected,1
386,67,35,Undirected,1
67,93,35,Undirected,1
67,92,35,Undirected,1
386,92,35,Undirected,1
386,143,35,Undirected,1
67,143,35,Undirected,1
67,93,36,Undirected,1
92,93,36,Undirected,1
67,92,36,Undirected,1
93,95,37,Undirected,1
92,93,37,Undirected,1
67,93,37,Undirected,1
92,95,37,Undirected,1
67,92,37,Undirected,1
67,95,37,Undirected,1
96,95,38,Undirected,1
96,67,38,Undirected,1
67,95,38,Undirected,1
96,95,39,Undirected,1
96,101,39,Undirected,1
96,104,39,Undirected,1
98,101,39,Undirected,1
98,95,39,Undirected,1
99,103,39,Undirected,1
98,104,39,Undirected,1
101,103,39,Undirected,1
96,67,39,Undirected,1
98,67,39,Undirected,1
97,99,39,Undirected,1
67,95,39,Undirected,1
97,102,39,Undirected,1
67,101,39,Undirected,1
100,101,39,Undirected,1
100,95,39,Undirected,1
67,104,39,Undirected,1
100,104,39,Undirected,1
102,95,39,Undirected,1
102,104,39,Undirected,1
96,97,39,Undirected,1
96,103,39,Undirected,1
98,100,39,Undirected,1
96,100,39,Undirected,1
98,103,39,Undirected,1
101,99,39,Undirected,1
101,102,39,Undirected,1
104,95,39,Undirected,1
97,98,39,Undirected,1
97,95,39,Undirected,1
97,101,39,Undirected,1
97,104,39,Undirected,1
67,103,39,Undirected,1
100,103,39,Undirected,1
67,100,39,Undirected,1
102,103,39,Undirected,1
97,67,39,Undirected,1
96,99,39,Undirected,1
99,95,39,Undirected,1
96,102,39,Undirected,1
98,99,39,Undirected,1
101,95,39,Undirected,1
98,102,39,Undirected,1
99,104,39,Undirected,1
101,104,39,Undirected,1
104,103,39,Undirected,1
103,95,39,Undirected,1
97,100,39,Undirected,1
97,103,39,Undirected,1
67,99,39,Undirected,1
100,99,39,Undirected,1
67,102,39,Undirected,1
100,102,39,Undirected,1
102,99,39,Undirected,1
96,98,39,Undirected,1
98,92,40,Undirected,1
99,103,40,Undirected,1
98,101,40,Undirected,1
99,100,40,Undirected,1
98,104,40,Undirected,1
101,103,40,Undirected,1
98,67,40,Undirected,1
67,92,40,Undirected,1
97,99,40,Undirected,1
100,92,40,Undirected,1
97,102,40,Undirected,1
67,101,40,Undirected,1
100,101,40,Undirected,1
102,92,40,Undirected,1
67,104,40,Undirected,1
100,104,40,Undirected,1
102,104,40,Undirected,1
98,100,40,Undirected,1
98,103,40,Undirected,1
99,102,40,Undirected,1
104,92,40,Undirected,1
101,102,40,Undirected,1
97,92,40,Undirected,1
97,98,40,Undirected,1
97,101,40,Undirected,1
97,104,40,Undirected,1
67,103,40,Undirected,1
100,103,40,Undirected,1
67,100,40,Undirected,1
102,103,40,Undirected,1
97,67,40,Undirected,1
99,92,40,Undirected,1
99,101,40,Undirected,1
98,99,40,Undirected,1
101,92,40,Undirected,1
99,104,40,Undirected,1
98,102,40,Undirected,1
103,92,40,Undirected,1
101,104,40,Undirected,1
103,104,40,Undirected,1
97,100,40,Undirected,1
97,103,40,Undirected,1
99,67,40,Undirected,1
67,102,40,Undirected,1
100,102,40,Undirected,1
99,103,41,Undirected,1
98,101,41,Undirected,1
98,104,41,Undirected,1
101,103,41,Undirected,1
98,67,41,Undirected,1
97,99,41,Undirected,1
67,101,41,Undirected,1
97,102,41,Undirected,1
100,101,41,Undirected,1
67,104,41,Undirected,1
100,104,41,Undirected,1
102,104,41,Undirected,1
98,100,41,Undirected,1
98,103,41,Undirected,1
101,99,41,Undirected,1
101,102,41,Undirected,1
97,98,41,Undirected,1
97,101,41,Undirected,1
97,104,41,Undirected,1
67,103,41,Undirected,1
100,103,41,Undirected,1
67,100,41,Undirected,1
102,103,41,Undirected,1
97,67,41,Undirected,1
98,99,41,Undirected,1
99,104,41,Undirected,1
98,102,41,Undirected,1
101,104,41,Undirected,1
104,103,41,Undirected,1
97,100,41,Undirected,1
97,103,41,Undirected,1
67,99,41,Undirected,1
100,99,41,Undirected,1
67,102,41,Undirected,1
100,102,41,Undirected,1
102,99,41,Undirected,1
97,67,42,Undirected,1
98,67,42,Undirected,1
97,98,42,Undirected,1
67,93,43,Undirected,1
92,93,43,Undirected,1
67,92,43,Undirected,1
67,93,44,Undirected,1
92,93,44,Undirected,1
67,92,44,Undirected,1
105,82,45,Undirected,1
82,85,45,Undirected,1
105,85,45,Undirected,1
112,85,46,Undirected,1
105,113,46,Undirected,1
114,85,46,Undirected,1
113,157,46,Undirected,1
134,82,46,Undirected,1
82,157,46,Undirected,1
115,157,46,Undirected,1
134,85,46,Undirected,1
112,115,46,Undirected,1
113,114,46,Undirected,1
105,82,46,Undirected,1
82,114,46,Undirected,1
115,114,46,Undirected,1
105,85,46,Undirected,1
134,115,46,Undirected,1
134,112,46,Undirected,1
105,115,46,Undirected,1
112,157,46,Undirected,1
105,112,46,Undirected,1
114,157,46,Undirected,1
112,114,46,Undirected,1
134,157,46,Undirected,1
134,105,46,Undirected,1
85,157,46,Undirected,1
113,82,46,Undirected,1
105,157,46,Undirected,1
134,114,46,Undirected,1
113,85,46,Undirected,1
82,85,46,Undirected,1
115,85,46,Undirected,1
105,114,46,Undirected,1
113,115,46,Undirected,1
112,113,46,Undirected,1
82,115,46,Undirected,1
134,113,46,Undirected,1
112,82,46,Undirected,1
82,115,47,Undirected,1
105,115,47,Undirected,1
82,85,47,Undirected,1
105,82,47,Undirected,1
115,85,47,Undirected,1
105,85,47,Undirected,1
105,116,48,Undirected,1
116,85,48,Undirected,1
105,85,48,Undirected,1
85,159,49,Undirected,1
105,116,49,Undirected,1
160,116,49,Undirected,1
105,82,49,Undirected,1
116,159,49,Undirected,1
160,82,49,Undirected,1
116,85,49,Undirected,1
105,85,49,Undirected,1
160,85,49,Undirected,1
105,158,49,Undirected,1
160,158,49,Undirected,1
116,158,49,Undirected,1
85,158,49,Undirected,1
82,159,49,Undirected,1
82,116,49,Undirected,1
160,105,49,Undirected,1
82,85,49,Undirected,1
82,158,49,Undirected,1
160,159,49,Undirected,1
158,159,49,Undirected,1
105,159,49,Undirected,1
105,116,50,Undirected,1
162,116,50,Undirected,1
161,105,50,Undirected,1
105,82,50,Undirected,1
105,85,50,Undirected,1
116,85,50,Undirected,1
162,82,50,Undirected,1
162,85,50,Undirected,1
161,135,50,Undirected,1
135,116,50,Undirected,1
105,115,50,Undirected,1
162,115,50,Undirected,1
161,162,50,Undirected,1
135,82,50,Undirected,1
135,85,50,Undirected,1
82,116,50,Undirected,1
115,116,50,Undirected,1
161,116,50,Undirected,1
135,115,50,Undirected,1
162,105,50,Undirected,1
82,85,50,Undirected,1
115,85,50,Undirected,1
161,82,50,Undirected,1
161,85,50,Undirected,1
162,135,50,Undirected,1
82,115,50,Undirected,1
161,115,50,Undirected,1
135,105,50,Undirected,1
325,177,51,Undirected,1
325,116,51,Undirected,1
163,115,51,Undirected,1
166,135,51,Undirected,1
165,115,51,Undirected,1
325,85,51,Undirected,1
163,325,51,Undirected,1
116,85,51,Undirected,1
165,325,51,Undirected,1
166,177,51,Undirected,1
166,116,51,Undirected,1
177,116,51,Undirected,1
135,177,51,Undirected,1
135,116,51,Undirected,1
165,166,51,Undirected,1
325,115,51,Undirected,1
163,166,51,Undirected,1
166,85,51,Undirected,1
177,85,51,Undirected,1
135,85,51,Undirected,1
115,116,51,Undirected,1
163,135,51,Undirected,1
165,135,51,Undirected,1
166,115,51,Undirected,1
177,115,51,Undirected,1
135,115,51,Undirected,1
163,165,51,Undirected,1
115,85,51,Undirected,1
163,177,51,Undirected,1
163,116,51,Undirected,1
166,325,51,Undirected,1
165,177,51,Undirected,1
165,116,51,Undirected,1
135,325,51,Undirected,1
163,85,51,Undirected,1
165,85,51,Undirected,1
178,85,52,Undirected,1
105,177,52,Undirected,1
166,178,52,Undirected,1
178,115,52,Undirected,1
105,82,52,Undirected,1
105,85,52,Undirected,1
166,177,52,Undirected,1
105,115,52,Undirected,1
177,82,52,Undirected,1
166,82,52,Undirected,1
166,85,52,Undirected,1
177,85,52,Undirected,1
166,115,52,Undirected,1
177,115,52,Undirected,1
82,85,52,Undirected,1
115,85,52,Undirected,1
105,178,52,Undirected,1
82,115,52,Undirected,1
166,105,52,Undirected,1
177,178,52,Undirected,1
178,82,52,Undirected,1
178,85,53,Undirected,1
180,116,53,Undirected,1
182,116,53,Undirected,1
85,116,53,Undirected,1
178,179,53,Undirected,1
180,85,53,Undirected,1
178,182,53,Undirected,1
82,178,53,Undirected,1
161,178,53,Undirected,1
180,182,53,Undirected,1
85,182,53,Undirected,1
179,116,53,Undirected,1
82,116,53,Undirected,1
179,180,53,Undirected,1
82,180,53,Undirected,1
161,116,53,Undirected,1
161,180,53,Undirected,1
179,85,53,Undirected,1
82,85,53,Undirected,1
161,82,53,Undirected,1
161,85,53,Undirected,1
178,116,53,Undirected,1
178,180,53,Undirected,1
82,179,53,Undirected,1
179,182,53,Undirected,1
82,182,53,Undirected,1
161,179,53,Undirected,1
161,182,53,Undirected,1
161,85,54,Undirected,1
179,183,54,Undirected,1
161,184,54,Undirected,1
85,184,54,Undirected,1
183,184,54,Undirected,1
82,183,54,Undirected,1
161,183,54,Undirected,1
82,179,54,Undirected,1
85,183,54,Undirected,1
179,85,54,Undirected,1
161,179,54,Undirected,1
82,85,54,Undirected,1
179,184,54,Undirected,1
161,82,54,Undirected,1
82,184,54,Undirected,1
161,85,55,Undirected,1
178,85,55,Undirected,1
179,183,55,Undirected,1
82,183,55,Undirected,1
161,183,55,Undirected,1
178,183,55,Undirected,1
82,179,55,Undirected,1
82,85,55,Undirected,1
85,183,55,Undirected,1
179,85,55,Undirected,1
161,179,55,Undirected,1
178,179,55,Undirected,1
161,82,55,Undirected,1
161,178,55,Undirected,1
178,82,55,Undirected,1
178,85,56,Undirected,1
82,85,56,Undirected,1
178,105,56,Undirected,1
105,82,56,Undirected,1
105,85,56,Undirected,1
178,82,56,Undirected,1
82,182,57,Undirected,1
82,85,57,Undirected,1
105,182,57,Undirected,1
105,82,57,Undirected,1
85,182,57,Undirected,1
105,85,57,Undirected,1
82,115,58,Undirected,1
85,182,58,Undirected,1
82,185,58,Undirected,1
105,115,58,Undirected,1
82,182,58,Undirected,1
82,85,58,Undirected,1
115,182,58,Undirected,1
182,185,58,Undirected,1
105,182,58,Undirected,1
115,185,58,Undirected,1
105,82,58,Undirected,1
115,85,58,Undirected,1
105,185,58,Undirected,1
105,85,58,Undirected,1
85,185,58,Undirected,1
112,85,59,Undirected,1
105,174,59,Undirected,1
105,116,59,Undirected,1
105,82,59,Undirected,1
116,85,59,Undirected,1
105,85,59,Undirected,1
112,185,59,Undirected,1
105,112,59,Undirected,1
105,185,59,Undirected,1
116,185,59,Undirected,1
85,185,59,Undirected,1
82,116,59,Undirected,1
174,116,59,Undirected,1
82,85,59,Undirected,1
174,82,59,Undirected,1
174,85,59,Undirected,1
112,116,59,Undirected,1
174,112,59,Undirected,1
82,185,59,Undirected,1
112,82,59,Undirected,1
174,185,59,Undirected,1
193,195,60,Undirected,1
178,85,60,Undirected,1
193,85,60,Undirected,1
193,82,60,Undirected,1
194,105,60,Undirected,1
105,82,60,Undirected,1
178,185,60,Undirected,1
105,85,60,Undirected,1
195,85,60,Undirected,1
194,178,60,Undirected,1
195,82,60,Undirected,1
193,185,60,Undirected,1
193,194,60,Undirected,1
105,185,60,Undirected,1
195,185,60,Undirected,1
85,185,60,Undirected,1
193,105,60,Undirected,1
193,178,60,Undirected,1
194,195,60,Undirected,1
82,85,60,Undirected,1
195,105,60,Undirected,1
194,82,60,Undirected,1
105,178,60,Undirected,1
194,85,60,Undirected,1
195,178,60,Undirected,1
82,185,60,Undirected,1
194,185,60,Undirected,1
178,82,60,Undirected,1
197,198,63,Undirected,1
198,199,63,Undirected,1
196,199,63,Undirected,1
196,86,63,Undirected,1
198,86,63,Undirected,1
196,198,63,Undirected,1
199,86,63,Undirected,1
197,199,63,Undirected,1
196,197,63,Undirected,1
197,86,63,Undirected,1
80,200,64,Undirected,1
200,71,64,Undirected,1
80,71,64,Undirected,1
86,71,64,Undirected,1
80,86,64,Undirected,1
200,86,64,Undirected,1
201,86,65,Undirected,1
202,86,65,Undirected,1
201,202,65,Undirected,1
203,71,66,Undirected,1
80,203,66,Undirected,1
80,71,66,Undirected,1
203,86,66,Undirected,1
86,71,66,Undirected,1
80,86,66,Undirected,1
86,71,67,Undirected,1
86,71,68,Undirected,1
178,387,69,Undirected,1
178,71,69,Undirected,1
387,71,69,Undirected,1
86,71,69,Undirected,1
387,86,69,Undirected,1
178,86,69,Undirected,1
178,71,70,Undirected,1
86,71,70,Undirected,1
178,86,70,Undirected,1
178,86,71,Undirected,1
80,204,72,Undirected,1
204,71,72,Undirected,1
80,71,72,Undirected,1
86,71,72,Undirected,1
204,86,72,Undirected,1
80,86,72,Undirected,1
86,71,73,Undirected,1
80,86,73,Undirected,1
80,71,73,Undirected,1
86,71,74,Undirected,1
86,71,75,Undirected,1
80,86,75,Undirected,1
80,71,75,Undirected,1
84,86,76,Undirected,1
86,71,76,Undirected,1
84,71,76,Undirected,1
86,71,77,Undirected,1
215,86,77,Undirected,1
215,71,77,Undirected,1
80,188,81,Undirected,1
86,71,82,Undirected,1
80,86,82,Undirected,1
80,71,82,Undirected,1
106,71,83,Undirected,1
80,71,83,Undirected,1
80,106,83,Undirected,1
106,86,83,Undirected,1
86,71,83,Undirected,1
80,86,83,Undirected,1
71,107,84,Undirected,1
130,71,84,Undirected,1
130,106,84,Undirected,1
106,107,84,Undirected,1
71,106,84,Undirected,1
130,80,84,Undirected,1
130,86,84,Undirected,1
71,80,84,Undirected,1
106,80,84,Undirected,1
106,86,84,Undirected,1
71,86,84,Undirected,1
107,80,84,Undirected,1
107,86,84,Undirected,1
80,86,84,Undirected,1
130,107,84,Undirected,1
80,120,85,Undirected,1
133,123,85,Undirected,1
353,126,85,Undirected,1
130,124,85,Undirected,1
353,80,85,Undirected,1
108,121,85,Undirected,1
118,122,85,Undirected,1
132,133,85,Undirected,1
109,122,85,Undirected,1
111,119,85,Undirected,1
120,122,85,Undirected,1
353,119,85,Undirected,1
130,108,85,Undirected,1
110,123,85,Undirected,1
80,122,85,Undirected,1
130,117,85,Undirected,1
118,124,85,Undirected,1
108,123,85,Undirected,1
122,124,85,Undirected,1
132,126,85,Undirected,1
121,126,85,Undirected,1
117,119,85,Undirected,1
132,80,85,Undirected,1
133,109,85,Undirected,1
109,124,85,Undirected,1
120,124,85,Undirected,1
133,118,85,Undirected,1
353,121,85,Undirected,1
130,110,85,Undirected,1
80,124,85,Undirected,1
353,130,85,Undirected,1
118,126,85,Undirected,1
122,126,85,Undirected,1
109,117,85,Undirected,1
133,111,85,Undirected,1
80,117,85,Undirected,1
133,120,85,Undirected,1
110,118,85,Undirected,1
119,121,85,Undirected,1
353,123,85,Undirected,1
124,126,85,Undirected,1
108,109,85,Undirected,1
111,126,85,Undirected,1
353,132,85,Undirected,1
118,119,85,Undirected,1
108,118,85,Undirected,1
111,80,85,Undirected,1
132,121,85,Undirected,1
130,133,85,Undirected,1
109,110,85,Undirected,1
110,111,85,Undirected,1
117,126,85,Undirected,1
119,123,85,Undirected,1
133,122,85,Undirected,1
110,120,85,Undirected,1
108,111,85,Undirected,1
108,120,85,Undirected,1
130,126,85,Undirected,1
132,123,85,Undirected,1
121,123,85,Undirected,1
130,80,85,Undirected,1
353,109,85,Undirected,1
353,118,85,Undirected,1
133,124,85,Undirected,1
110,122,85,Undirected,1
111,121,85,Undirected,1
108,122,85,Undirected,1
130,119,85,Undirected,1
133,108,85,Undirected,1
117,121,85,Undirected,1
353,111,85,Undirected,1
133,117,85,Undirected,1
353,120,85,Undirected,1
133,126,85,Undirected,1
109,126,85,Undirected,1
110,124,85,Undirected,1
111,123,85,Undirected,1
120,126,85,Undirected,1
109,80,85,Undirected,1
80,126,85,Undirected,1
132,109,85,Undirected,1
130,121,85,Undirected,1
132,118,85,Undirected,1
123,124,85,Undirected,1
133,110,85,Undirected,1
117,123,85,Undirected,1
119,120,85,Undirected,1
133,119,85,Undirected,1
109,119,85,Undirected,1
110,117,85,Undirected,1
353,122,85,Undirected,1
110,126,85,Undirected,1
80,119,85,Undirected,1
108,117,85,Undirected,1
132,111,85,Undirected,1
130,123,85,Undirected,1
132,120,85,Undirected,1
118,121,85,Undirected,1
130,132,85,Undirected,1
123,126,85,Undirected,1
119,122,85,Undirected,1
110,119,85,Undirected,1
109,121,85,Undirected,1
111,118,85,Undirected,1
120,121,85,Undirected,1
353,124,85,Undirected,1
108,110,85,Undirected,1
80,121,85,Undirected,1
118,123,85,Undirected,1
132,122,85,Undirected,1
121,122,85,Undirected,1
122,123,85,Undirected,1
117,118,85,Undirected,1
353,108,85,Undirected,1
353,117,85,Undirected,1
110,121,85,Undirected,1
109,123,85,Undirected,1
111,120,85,Undirected,1
119,124,85,Undirected,1
120,123,85,Undirected,1
80,123,85,Undirected,1
130,109,85,Undirected,1
130,118,85,Undirected,1
133,80,85,Undirected,1
132,124,85,Undirected,1
108,124,85,Undirected,1
121,124,85,Undirected,1
117,120,85,Undirected,1
353,110,85,Undirected,1
119,126,85,Undirected,1
111,122,85,Undirected,1
130,111,85,Undirected,1
132,108,85,Undirected,1
130,120,85,Undirected,1
132,117,85,Undirected,1
110,80,85,Undirected,1
108,126,85,Undirected,1
108,80,85,Undirected,1
117,122,85,Undirected,1
109,118,85,Undirected,1
111,124,85,Undirected,1
80,118,85,Undirected,1
133,121,85,Undirected,1
132,110,85,Undirected,1
353,133,85,Undirected,1
130,122,85,Undirected,1
132,119,85,Undirected,1
108,119,85,Undirected,1
118,120,85,Undirected,1
109,111,85,Undirected,1
117,124,85,Undirected,1
109,120,85,Undirected,1
111,117,85,Undirected,1
128,130,86,Undirected,1
130,127,86,Undirected,1
129,131,86,Undirected,1
80,144,86,Undirected,1
128,129,86,Undirected,1
128,80,86,Undirected,1
128,144,86,Undirected,1
129,127,86,Undirected,1
129,130,86,Undirected,1
131,127,86,Undirected,1
130,80,86,Undirected,1
130,144,86,Undirected,1
128,131,86,Undirected,1
128,127,86,Undirected,1
144,127,86,Undirected,1
80,127,86,Undirected,1
130,131,86,Undirected,1
129,80,86,Undirected,1
129,144,86,Undirected,1
131,80,86,Undirected,1
131,144,86,Undirected,1
146,148,88,Undirected,1
145,146,88,Undirected,1
81,146,88,Undirected,1
145,81,88,Undirected,1
145,149,88,Undirected,1
81,149,88,Undirected,1
149,148,88,Undirected,1
147,149,88,Undirected,1
145,148,88,Undirected,1
146,147,88,Undirected,1
81,148,88,Undirected,1
147,148,88,Undirected,1
146,149,88,Undirected,1
145,147,88,Undirected,1
81,147,88,Undirected,1
146,148,89,Undirected,1
145,146,89,Undirected,1
81,146,89,Undirected,1
76,146,89,Undirected,1
147,146,89,Undirected,1
81,145,89,Undirected,1
76,145,89,Undirected,1
145,148,89,Undirected,1
81,148,89,Undirected,1
76,81,89,Undirected,1
76,148,89,Undirected,1
147,148,89,Undirected,1
145,147,89,Undirected,1
81,147,89,Undirected,1
76,147,89,Undirected,1
77,147,90,Undirected,1
145,146,90,Undirected,1
81,146,90,Undirected,1
76,146,90,Undirected,1
147,146,90,Undirected,1
77,146,90,Undirected,1
81,145,90,Undirected,1
76,145,90,Undirected,1
77,81,90,Undirected,1
77,145,90,Undirected,1
76,81,90,Undirected,1
76,77,90,Undirected,1
145,147,90,Undirected,1
81,147,90,Undirected,1
76,147,90,Undirected,1
77,147,91,Undirected,1
77,81,91,Undirected,1
81,148,91,Undirected,1
76,81,91,Undirected,1
76,148,91,Undirected,1
147,148,91,Undirected,1
76,77,91,Undirected,1
77,148,91,Undirected,1
81,147,91,Undirected,1
76,147,91,Undirected,1
81,76,92,Undirected,1
81,77,92,Undirected,1
76,77,92,Undirected,1
147,77,92,Undirected,1
147,76,92,Undirected,1
81,147,92,Undirected,1
81,76,93,Undirected,1
81,77,93,Undirected,1
76,77,93,Undirected,1
147,77,93,Undirected,1
147,76,93,Undirected,1
81,147,93,Undirected,1
77,147,94,Undirected,1
176,81,94,Undirected,1
77,81,94,Undirected,1
176,147,94,Undirected,1
76,81,94,Undirected,1
76,77,94,Undirected,1
76,176,94,Undirected,1
77,176,94,Undirected,1
81,147,94,Undirected,1
76,147,94,Undirected,1
84,87,95,Undirected,1
77,81,95,Undirected,1
77,84,95,Undirected,1
168,77,95,Undirected,1
77,87,95,Undirected,1
168,147,95,Undirected,1
81,84,95,Undirected,1
147,84,95,Undirected,1
81,87,95,Undirected,1
147,87,95,Undirected,1
168,76,95,Undirected,1
77,147,95,Undirected,1
76,84,95,Undirected,1
76,81,95,Undirected,1
76,87,95,Undirected,1
81,147,95,Undirected,1
168,81,95,Undirected,1
168,84,95,Undirected,1
168,87,95,Undirected,1
76,77,95,Undirected,1
76,147,95,Undirected,1
77,81,96,Undirected,1
84,151,96,Undirected,1
77,84,96,Undirected,1
77,151,96,Undirected,1
66,84,96,Undirected,1
66,81,96,Undirected,1
66,151,96,Undirected,1
81,84,96,Undirected,1
147,84,96,Undirected,1
81,151,96,Undirected,1
147,151,96,Undirected,1
77,147,96,Undirected,1
66,77,96,Undirected,1
76,84,96,Undirected,1
76,81,96,Undirected,1
66,147,96,Undirected,1
76,151,96,Undirected,1
81,147,96,Undirected,1
76,77,96,Undirected,1
66,76,96,Undirected,1
76,147,96,Undirected,1
81,76,97,Undirected,1
81,77,97,Undirected,1
76,77,97,Undirected,1
147,77,97,Undirected,1
147,76,97,Undirected,1
81,147,97,Undirected,1
152,82,98,Undirected,1
82,152,99,Undirected,1
112,85,99,Undirected,1
105,152,99,Undirected,1
105,113,99,Undirected,1
112,152,99,Undirected,1
112,113,99,Undirected,1
85,152,99,Undirected,1
112,82,99,Undirected,1
113,82,99,Undirected,1
105,112,99,Undirected,1
82,85,99,Undirected,1
113,85,99,Undirected,1
105,82,99,Undirected,1
113,152,99,Undirected,1
105,85,99,Undirected,1
83,155,100,Undirected,1
105,155,100,Undirected,1
154,155,100,Undirected,1
85,155,100,Undirected,1
82,154,100,Undirected,1
82,83,100,Undirected,1
105,154,100,Undirected,1
83,154,100,Undirected,1
105,83,100,Undirected,1
85,154,100,Undirected,1
82,85,100,Undirected,1
83,85,100,Undirected,1
105,82,100,Undirected,1
82,155,100,Undirected,1
105,85,100,Undirected,1
82,83,101,Undirected,1
105,83,101,Undirected,1
82,85,101,Undirected,1
105,82,101,Undirected,1
83,85,101,Undirected,1
105,85,101,Undirected,1
82,156,102,Undirected,1
173,82,103,Undirected,1
169,82,103,Undirected,1
169,171,103,Undirected,1
171,173,103,Undirected,1
170,173,103,Undirected,1
169,173,103,Undirected,1
170,82,103,Undirected,1
169,170,103,Undirected,1
171,82,103,Undirected,1
170,171,103,Undirected,1
169,172,104,Undirected,1
169,82,104,Undirected,1
169,171,104,Undirected,1
170,82,104,Undirected,1
171,82,104,Undirected,1
170,172,104,Undirected,1
169,170,104,Undirected,1
171,172,104,Undirected,1
172,82,104,Undirected,1
170,171,104,Undirected,1
170,174,105,Undirected,1
169,82,105,Undirected,1
170,175,105,Undirected,1
174,82,105,Undirected,1
174,175,105,Undirected,1
169,175,105,Undirected,1
82,189,105,Undirected,1
169,174,105,Undirected,1
170,189,105,Undirected,1
175,189,105,Undirected,1
175,82,105,Undirected,1
170,82,105,Undirected,1
169,170,105,Undirected,1
174,189,105,Undirected,1
169,189,105,Undirected,1
154,155,106,Undirected,1
82,154,106,Undirected,1
83,189,106,Undirected,1
105,189,106,Undirected,1
85,189,106,Undirected,1
105,82,106,Undirected,1
83,85,106,Undirected,1
105,85,106,Undirected,1
186,189,106,Undirected,1
83,155,106,Undirected,1
105,155,106,Undirected,1
186,85,106,Undirected,1
85,155,106,Undirected,1
186,82,106,Undirected,1
186,155,106,Undirected,1
82,83,106,Undirected,1
155,189,106,Undirected,1
82,189,106,Undirected,1
83,154,106,Undirected,1
105,154,106,Undirected,1
85,154,106,Undirected,1
186,154,106,Undirected,1
82,85,106,Undirected,1
82,155,106,Undirected,1
186,105,106,Undirected,1
154,189,106,Undirected,1
105,83,106,Undirected,1
186,83,106,Undirected,1
154,155,107,Undirected,1
82,154,107,Undirected,1
83,189,107,Undirected,1
105,189,107,Undirected,1
85,189,107,Undirected,1
105,82,107,Undirected,1
83,85,107,Undirected,1
105,85,107,Undirected,1
83,155,107,Undirected,1
105,155,107,Undirected,1
85,155,107,Undirected,1
82,83,107,Undirected,1
155,189,107,Undirected,1
82,189,107,Undirected,1
83,154,107,Undirected,1
105,154,107,Undirected,1
85,154,107,Undirected,1
82,85,107,Undirected,1
82,155,107,Undirected,1
154,189,107,Undirected,1
105,83,107,Undirected,1
207,85,108,Undirected,1
178,85,108,Undirected,1
207,82,108,Undirected,1
207,178,108,Undirected,1
82,116,108,Undirected,1
178,116,108,Undirected,1
192,116,108,Undirected,1
116,85,108,Undirected,1
207,116,108,Undirected,1
82,85,108,Undirected,1
192,82,108,Undirected,1
192,178,108,Undirected,1
192,207,108,Undirected,1
192,85,108,Undirected,1
178,82,108,Undirected,1
154,155,109,Undirected,1
178,85,109,Undirected,1
178,155,109,Undirected,1
192,154,109,Undirected,1
83,116,109,Undirected,1
82,154,109,Undirected,1
85,116,109,Undirected,1
207,154,109,Undirected,1
192,178,109,Undirected,1
83,85,109,Undirected,1
83,155,109,Undirected,1
116,155,109,Undirected,1
207,178,109,Undirected,1
85,155,109,Undirected,1
192,83,109,Undirected,1
178,154,109,Undirected,1
82,83,109,Undirected,1
207,83,109,Undirected,1
82,116,109,Undirected,1
192,116,109,Undirected,1
207,116,109,Undirected,1
83,154,109,Undirected,1
116,154,109,Undirected,1
178,83,109,Undirected,1
85,154,109,Undirected,1
192,82,109,Undirected,1
82,85,109,Undirected,1
192,207,109,Undirected,1
192,85,109,Undirected,1
82,155,109,Undirected,1
192,155,109,Undirected,1
207,85,109,Undirected,1
207,82,109,Undirected,1
178,116,109,Undirected,1
207,155,109,Undirected,1
178,82,109,Undirected,1
178,155,110,Undirected,1
192,154,110,Undirected,1
105,116,110,Undirected,1
105,189,110,Undirected,1
116,189,110,Undirected,1
207,154,110,Undirected,1
105,207,110,Undirected,1
83,85,110,Undirected,1
85,155,110,Undirected,1
192,83,110,Undirected,1
207,83,110,Undirected,1
85,185,110,Undirected,1
82,88,110,Undirected,1
207,85,110,Undirected,1
185,155,110,Undirected,1
178,189,110,Undirected,1
178,88,110,Undirected,1
82,154,110,Undirected,1
85,116,110,Undirected,1
85,189,110,Undirected,1
83,155,110,Undirected,1
105,88,110,Undirected,1
116,88,110,Undirected,1
88,154,110,Undirected,1
178,154,110,Undirected,1
82,83,110,Undirected,1
83,185,110,Undirected,1
105,154,110,Undirected,1
116,154,110,Undirected,1
178,83,110,Undirected,1
82,85,110,Undirected,1
185,189,110,Undirected,1
192,85,110,Undirected,1
105,83,110,Undirected,1
192,185,110,Undirected,1
207,185,110,Undirected,1
83,116,110,Undirected,1
83,189,110,Undirected,1
192,105,110,Undirected,1
185,154,110,Undirected,1
192,178,110,Undirected,1
105,85,110,Undirected,1
207,178,110,Undirected,1
85,88,110,Undirected,1
155,189,110,Undirected,1
207,116,110,Undirected,1
85,154,110,Undirected,1
207,189,110,Undirected,1
192,82,110,Undirected,1
82,155,110,Undirected,1
192,155,110,Undirected,1
207,82,110,Undirected,1
207,155,110,Undirected,1
82,185,110,Undirected,1
88,155,110,Undirected,1
154,155,110,Undirected,1
178,85,110,Undirected,1
105,82,110,Undirected,1
178,185,110,Undirected,1
88,185,110,Undirected,1
83,88,110,Undirected,1
105,155,110,Undirected,1
116,155,110,Undirected,1
105,185,110,Undirected,1
116,185,110,Undirected,1
82,116,110,Undirected,1
192,116,110,Undirected,1
82,189,110,Undirected,1
83,154,110,Undirected,1
192,189,110,Undirected,1
192,88,110,Undirected,1
192,207,110,Undirected,1
105,178,110,Undirected,1
207,88,110,Undirected,1
178,116,110,Undirected,1
88,189,110,Undirected,1
154,189,110,Undirected,1
178,82,110,Undirected,1
192,209,111,Undirected,1
180,116,111,Undirected,1
105,116,111,Undirected,1
105,180,111,Undirected,1
207,209,111,Undirected,1
192,105,111,Undirected,1
209,179,111,Undirected,1
105,82,111,Undirected,1
192,178,111,Undirected,1
105,207,111,Undirected,1
178,179,111,Undirected,1
208,116,111,Undirected,1
208,180,111,Undirected,1
207,178,111,Undirected,1
105,179,111,Undirected,1
192,208,111,Undirected,1
207,208,111,Undirected,1
208,82,111,Undirected,1
209,178,111,Undirected,1
179,116,111,Undirected,1
82,116,111,Undirected,1
179,180,111,Undirected,1
82,180,111,Undirected,1
192,116,111,Undirected,1
192,180,111,Undirected,1
105,209,111,Undirected,1
207,116,111,Undirected,1
207,180,111,Undirected,1
208,179,111,Undirected,1
192,82,111,Undirected,1
192,207,111,Undirected,1
105,178,111,Undirected,1
207,82,111,Undirected,1
208,209,111,Undirected,1
209,116,111,Undirected,1
209,180,111,Undirected,1
178,116,111,Undirected,1
178,180,111,Undirected,1
82,179,111,Undirected,1
192,179,111,Undirected,1
105,208,111,Undirected,1
208,178,111,Undirected,1
209,82,111,Undirected,1
207,179,111,Undirected,1
178,82,111,Undirected,1
180,116,112,Undirected,1
105,116,112,Undirected,1
105,180,112,Undirected,1
192,105,112,Undirected,1
105,82,112,Undirected,1
192,178,112,Undirected,1
105,207,112,Undirected,1
178,179,112,Undirected,1
207,178,112,Undirected,1
105,179,112,Undirected,1
179,116,112,Undirected,1
82,116,112,Undirected,1
179,180,112,Undirected,1
82,180,112,Undirected,1
192,116,112,Undirected,1
192,180,112,Undirected,1
207,116,112,Undirected,1
207,180,112,Undirected,1
192,82,112,Undirected,1
192,207,112,Undirected,1
105,178,112,Undirected,1
207,82,112,Undirected,1
178,116,112,Undirected,1
178,180,112,Undirected,1
82,179,112,Undirected,1
192,179,112,Undirected,1
207,179,112,Undirected,1
178,82,112,Undirected,1
178,88,113,Undirected,1
82,84,113,Undirected,1
192,84,113,Undirected,1
207,84,113,Undirected,1
192,178,113,Undirected,1
116,88,113,Undirected,1
207,178,113,Undirected,1
178,84,113,Undirected,1
192,86,113,Undirected,1
82,86,113,Undirected,1
84,86,113,Undirected,1
207,86,113,Undirected,1
82,116,113,Undirected,1
192,116,113,Undirected,1
84,116,113,Undirected,1
207,116,113,Undirected,1
178,86,113,Undirected,1
192,82,113,Undirected,1
192,88,113,Undirected,1
192,207,113,Undirected,1
82,88,113,Undirected,1
84,88,113,Undirected,1
207,82,113,Undirected,1
207,88,113,Undirected,1
178,116,113,Undirected,1
86,88,113,Undirected,1
116,86,113,Undirected,1
178,82,113,Undirected,1
178,88,114,Undirected,1
82,84,114,Undirected,1
154,155,114,Undirected,1
178,155,114,Undirected,1
82,154,114,Undirected,1
84,154,114,Undirected,1
83,88,114,Undirected,1
83,155,114,Undirected,1
178,84,114,Undirected,1
88,154,114,Undirected,1
178,154,114,Undirected,1
82,83,114,Undirected,1
84,83,114,Undirected,1
88,155,114,Undirected,1
83,154,114,Undirected,1
178,83,114,Undirected,1
82,155,114,Undirected,1
82,88,114,Undirected,1
84,88,114,Undirected,1
84,155,114,Undirected,1
178,82,114,Undirected,1
178,82,115,Undirected,1
83,155,117,Undirected,1
154,155,117,Undirected,1
85,155,117,Undirected,1
82,154,117,Undirected,1
82,83,117,Undirected,1
83,154,117,Undirected,1
85,154,117,Undirected,1
82,85,117,Undirected,1
83,85,117,Undirected,1
82,155,117,Undirected,1
83,155,118,Undirected,1
154,155,118,Undirected,1
155,85,118,Undirected,1
154,83,118,Undirected,1
83,85,118,Undirected,1
154,85,118,Undirected,1
83,155,119,Undirected,1
154,155,119,Undirected,1
155,85,119,Undirected,1
154,83,119,Undirected,1
83,85,119,Undirected,1
154,85,119,Undirected,1
154,155,120,Undirected,1
82,154,120,Undirected,1
82,157,120,Undirected,1
83,189,120,Undirected,1
85,189,120,Undirected,1
83,85,120,Undirected,1
83,155,120,Undirected,1
85,155,120,Undirected,1
82,83,120,Undirected,1
155,189,120,Undirected,1
157,189,120,Undirected,1
157,155,120,Undirected,1
82,189,120,Undirected,1
83,154,120,Undirected,1
85,157,120,Undirected,1
83,157,120,Undirected,1
85,154,120,Undirected,1
82,85,120,Undirected,1
82,155,120,Undirected,1
157,154,120,Undirected,1
154,189,120,Undirected,1
85,214,121,Undirected,1
83,214,121,Undirected,1
83,85,121,Undirected,1
83,155,122,Undirected,1
67,155,122,Undirected,1
154,155,122,Undirected,1
83,154,122,Undirected,1
67,154,122,Undirected,1
83,189,122,Undirected,1
67,189,122,Undirected,1
67,83,122,Undirected,1
154,189,122,Undirected,1
155,189,122,Undirected,1
112,85,123,Undirected,1
154,155,123,Undirected,1
112,155,123,Undirected,1
83,189,123,Undirected,1
67,83,123,Undirected,1
85,189,123,Undirected,1
83,85,123,Undirected,1
83,155,123,Undirected,1
85,155,123,Undirected,1
67,189,123,Undirected,1
112,154,123,Undirected,1
155,189,123,Undirected,1
67,85,123,Undirected,1
67,155,123,Undirected,1
83,154,123,Undirected,1
67,112,123,Undirected,1
85,154,123,Undirected,1
112,83,123,Undirected,1
67,154,123,Undirected,1
154,189,123,Undirected,1
112,189,123,Undirected,1
112,85,124,Undirected,1
67,184,124,Undirected,1
154,155,124,Undirected,1
112,155,124,Undirected,1
238,154,124,Undirected,1
83,189,124,Undirected,1
67,83,124,Undirected,1
85,189,124,Undirected,1
83,85,124,Undirected,1
83,155,124,Undirected,1
85,155,124,Undirected,1
67,238,124,Undirected,1
238,184,124,Undirected,1
184,189,124,Undirected,1
67,189,124,Undirected,1
238,83,124,Undirected,1
112,154,124,Undirected,1
155,189,124,Undirected,1
184,155,124,Undirected,1
67,85,124,Undirected,1
67,155,124,Undirected,1
112,184,124,Undirected,1
83,154,124,Undirected,1
238,189,124,Undirected,1
67,112,124,Undirected,1
85,154,124,Undirected,1
112,83,124,Undirected,1
238,85,124,Undirected,1
83,184,124,Undirected,1
85,184,124,Undirected,1
238,155,124,Undirected,1
184,154,124,Undirected,1
67,154,124,Undirected,1
154,189,124,Undirected,1
238,112,124,Undirected,1
112,189,124,Undirected,1
83,155,125,Undirected,1
154,155,125,Undirected,1
85,155,125,Undirected,1
83,186,125,Undirected,1
154,186,125,Undirected,1
186,155,125,Undirected,1
85,186,125,Undirected,1
154,83,125,Undirected,1
83,85,125,Undirected,1
154,85,125,Undirected,1
154,155,126,Undirected,1
242,155,126,Undirected,1
241,83,126,Undirected,1
239,241,126,Undirected,1
240,154,126,Undirected,1
83,85,126,Undirected,1
239,85,126,Undirected,1
83,155,126,Undirected,1
85,155,126,Undirected,1
240,242,126,Undirected,1
239,155,126,Undirected,1
242,154,126,Undirected,1
241,85,126,Undirected,1
240,83,126,Undirected,1
239,240,126,Undirected,1
241,155,126,Undirected,1
242,83,126,Undirected,1
83,154,126,Undirected,1
240,241,126,Undirected,1
239,154,126,Undirected,1
85,154,126,Undirected,1
240,85,126,Undirected,1
239,242,126,Undirected,1
241,154,126,Undirected,1
240,155,126,Undirected,1
239,83,126,Undirected,1
242,85,126,Undirected,1
241,242,126,Undirected,1
83,155,127,Undirected,1
154,155,127,Undirected,1
243,155,127,Undirected,1
83,186,127,Undirected,1
154,186,127,Undirected,1
186,155,127,Undirected,1
154,83,127,Undirected,1
243,186,127,Undirected,1
83,243,127,Undirected,1
154,243,127,Undirected,1
83,155,128,Undirected,1
154,155,128,Undirected,1
83,84,128,Undirected,1
154,84,128,Undirected,1
84,155,128,Undirected,1
85,155,128,Undirected,1
83,186,128,Undirected,1
154,186,128,Undirected,1
186,155,128,Undirected,1
84,186,128,Undirected,1
85,186,128,Undirected,1
154,83,128,Undirected,1
83,85,128,Undirected,1
154,85,128,Undirected,1
84,85,128,Undirected,1
83,155,129,Undirected,1
154,155,129,Undirected,1
83,84,129,Undirected,1
154,84,129,Undirected,1
84,155,129,Undirected,1
85,155,129,Undirected,1
83,186,129,Undirected,1
154,186,129,Undirected,1
186,155,129,Undirected,1
84,186,129,Undirected,1
85,186,129,Undirected,1
154,83,129,Undirected,1
83,85,129,Undirected,1
154,85,129,Undirected,1
84,85,129,Undirected,1
83,155,130,Undirected,1
154,155,130,Undirected,1
133,155,130,Undirected,1
83,84,130,Undirected,1
84,155,130,Undirected,1
133,84,130,Undirected,1
130,154,130,Undirected,1
130,83,130,Undirected,1
83,154,130,Undirected,1
133,154,130,Undirected,1
84,154,130,Undirected,1
133,83,130,Undirected,1
130,133,130,Undirected,1
130,84,130,Undirected,1
130,155,130,Undirected,1
83,155,131,Undirected,1
154,155,131,Undirected,1
85,155,131,Undirected,1
244,155,131,Undirected,1
83,154,131,Undirected,1
83,244,131,Undirected,1
244,154,131,Undirected,1
85,154,131,Undirected,1
83,85,131,Undirected,1
244,85,131,Undirected,1
83,155,132,Undirected,1
154,155,132,Undirected,1
85,155,132,Undirected,1
130,244,132,Undirected,1
130,154,132,Undirected,1
244,155,132,Undirected,1
130,83,132,Undirected,1
83,244,132,Undirected,1
83,154,132,Undirected,1
244,154,132,Undirected,1
85,154,132,Undirected,1
130,85,132,Undirected,1
130,155,132,Undirected,1
83,85,132,Undirected,1
244,85,132,Undirected,1
154,155,133,Undirected,1
247,154,133,Undirected,1
83,85,133,Undirected,1
83,155,133,Undirected,1
246,155,133,Undirected,1
247,245,133,Undirected,1
85,155,133,Undirected,1
247,83,133,Undirected,1
83,246,133,Undirected,1
85,246,133,Undirected,1
245,85,133,Undirected,1
246,154,133,Undirected,1
245,155,133,Undirected,1
83,154,133,Undirected,1
85,154,133,Undirected,1
247,85,133,Undirected,1
245,246,133,Undirected,1
83,245,133,Undirected,1
247,155,133,Undirected,1
245,154,133,Undirected,1
247,246,133,Undirected,1
319,351,134,Undirected,1
370,371,135,Undirected,1
351,84,135,Undirected,1
208,370,135,Undirected,1
208,84,135,Undirected,1
208,319,135,Undirected,1
84,319,135,Undirected,1
370,319,135,Undirected,1
351,370,135,Undirected,1
370,84,135,Undirected,1
351,208,135,Undirected,1
351,371,135,Undirected,1
371,319,135,Undirected,1
208,371,135,Undirected,1
371,84,135,Undirected,1
351,319,135,Undirected,1
84,351,136,Undirected,1
368,351,137,Undirected,1
369,351,137,Undirected,1
368,369,137,Undirected,1
323,351,137,Undirected,1
368,323,137,Undirected,1
369,323,137,Undirected,1
376,378,138,Undirected,1
375,376,138,Undirected,1
375,379,138,Undirected,1
377,379,138,Undirected,1
372,374,138,Undirected,1
373,375,138,Undirected,1
372,377,138,Undirected,1
373,378,138,Undirected,1
374,377,138,Undirected,1
375,378,138,Undirected,1
376,377,138,Undirected,1
377,378,138,Undirected,1
372,373,138,Undirected,1
372,376,138,Undirected,1
373,377,138,Undirected,1
372,379,138,Undirected,1
374,376,138,Undirected,1
373,374,138,Undirected,1
374,379,138,Undirected,1
376,379,138,Undirected,1
375,377,138,Undirected,1
378,379,138,Undirected,1
372,378,138,Undirected,1
374,375,138,Undirected,1
372,375,138,Undirected,1
374,378,138,Undirected,1
373,376,138,Undirected,1
373,379,138,Undirected,1
325,351,139,Undirected,1
383,351,140,Undirected,1
382,351,140,Undirected,1
381,351,140,Undirected,1
383,382,140,Undirected,1
381,382,140,Undirected,1
383,381,140,Undirected,1
383,351,141,Undirected,1
382,351,141,Undirected,1
381,351,141,Undirected,1
383,382,141,Undirected,1
381,382,141,Undirected,1
383,381,141,Undirected,1
66,84,142,Undirected,1
84,245,142,Undirected,1
66,245,142,Undirected,1
66,84,143,Undirected,1
84,88,144,Undirected,1
248,81,144,Undirected,1
248,84,144,Undirected,1
81,88,144,Undirected,1
86,88,144,Undirected,1
81,84,144,Undirected,1
248,86,144,Undirected,1
81,86,144,Undirected,1
84,86,144,Undirected,1
248,88,144,Undirected,1
81,146,145,Undirected,1
81,88,145,Undirected,1
133,86,145,Undirected,1
133,89,145,Undirected,1
248,88,145,Undirected,1
248,146,145,Undirected,1
146,86,145,Undirected,1
81,84,145,Undirected,1
146,89,145,Undirected,1
84,89,145,Undirected,1
84,86,145,Undirected,1
86,89,145,Undirected,1
133,146,145,Undirected,1
248,133,145,Undirected,1
133,88,145,Undirected,1
248,81,145,Undirected,1
248,84,145,Undirected,1
88,89,145,Undirected,1
81,86,145,Undirected,1
146,88,145,Undirected,1
81,89,145,Undirected,1
133,81,145,Undirected,1
84,88,145,Undirected,1
133,84,145,Undirected,1
86,88,145,Undirected,1
248,86,145,Undirected,1
248,89,145,Undirected,1
146,84,145,Undirected,1
178,88,146,Undirected,1
67,178,146,Undirected,1
81,88,146,Undirected,1
248,67,146,Undirected,1
67,86,146,Undirected,1
248,88,146,Undirected,1
178,84,146,Undirected,1
81,84,146,Undirected,1
84,86,146,Undirected,1
67,88,146,Undirected,1
248,81,146,Undirected,1
248,84,146,Undirected,1
81,178,146,Undirected,1
178,86,146,Undirected,1
81,86,146,Undirected,1
248,178,146,Undirected,1
84,88,146,Undirected,1
67,84,146,Undirected,1
67,81,146,Undirected,1
86,88,146,Undirected,1
248,86,146,Undirected,1
88,67,147,Undirected,1
81,67,147,Undirected,1
88,81,147,Undirected,1
67,149,148,Undirected,1
67,148,148,Undirected,1
67,81,148,Undirected,1
81,149,148,Undirected,1
148,149,148,Undirected,1
81,148,148,Undirected,1
67,250,148,Undirected,1
149,250,148,Undirected,1
81,250,148,Undirected,1
148,250,148,Undirected,1
146,93,149,Undirected,1
81,146,149,Undirected,1
81,88,149,Undirected,1
249,93,149,Undirected,1
67,263,149,Undirected,1
88,249,149,Undirected,1
81,249,149,Undirected,1
88,93,149,Undirected,1
67,250,149,Undirected,1
263,250,149,Undirected,1
81,93,149,Undirected,1
263,88,149,Undirected,1
67,146,149,Undirected,1
263,146,149,Undirected,1
67,88,149,Undirected,1
146,250,149,Undirected,1
249,250,149,Undirected,1
263,249,149,Undirected,1
146,88,149,Undirected,1
67,249,149,Undirected,1
263,81,149,Undirected,1
250,93,149,Undirected,1
67,81,149,Undirected,1
263,93,149,Undirected,1
88,250,149,Undirected,1
67,93,149,Undirected,1
146,249,149,Undirected,1
81,250,149,Undirected,1
67,93,150,Undirected,1
81,93,150,Undirected,1
67,263,150,Undirected,1
81,67,150,Undirected,1
81,263,150,Undirected,1
93,263,150,Undirected,1
178,264,151,Undirected,1
264,82,151,Undirected,1
178,82,151,Undirected,1
178,265,152,Undirected,1
264,82,152,Undirected,1
264,265,152,Undirected,1
178,264,152,Undirected,1
82,265,152,Undirected,1
178,82,152,Undirected,1
264,82,153,Undirected,1
82,267,153,Undirected,1
178,264,153,Undirected,1
178,267,153,Undirected,1
264,267,153,Undirected,1
178,82,153,Undirected,1
178,85,154,Undirected,1
83,186,154,Undirected,1
105,186,154,Undirected,1
85,186,154,Undirected,1
267,178,154,Undirected,1
105,82,154,Undirected,1
178,185,154,Undirected,1
83,85,154,Undirected,1
105,85,154,Undirected,1
267,83,154,Undirected,1
82,83,154,Undirected,1
83,185,154,Undirected,1
105,185,154,Undirected,1
85,185,154,Undirected,1
105,267,154,Undirected,1
82,186,154,Undirected,1
267,186,154,Undirected,1
178,83,154,Undirected,1
267,85,154,Undirected,1
267,82,154,Undirected,1
185,186,154,Undirected,1
82,85,154,Undirected,1
105,178,154,Undirected,1
267,185,154,Undirected,1
105,83,154,Undirected,1
178,186,154,Undirected,1
82,185,154,Undirected,1
178,82,154,Undirected,1
178,105,155,Undirected,1
105,82,155,Undirected,1
178,82,155,Undirected,1
83,155,159,Undirected,1
154,155,159,Undirected,1
155,85,159,Undirected,1
154,83,159,Undirected,1
83,85,159,Undirected,1
154,85,159,Undirected,1
83,155,160,Undirected,1
154,155,160,Undirected,1
85,155,160,Undirected,1
185,155,160,Undirected,1
83,154,160,Undirected,1
185,154,160,Undirected,1
85,154,160,Undirected,1
83,185,160,Undirected,1
83,85,160,Undirected,1
85,185,160,Undirected,1
216,218,161,Undirected,1
185,218,161,Undirected,1
185,105,161,Undirected,1
105,85,161,Undirected,1
105,219,161,Undirected,1
105,216,161,Undirected,1
85,219,161,Undirected,1
85,216,161,Undirected,1
217,219,161,Undirected,1
216,217,161,Undirected,1
185,217,161,Undirected,1
105,218,161,Undirected,1
85,218,161,Undirected,1
185,85,161,Undirected,1
217,218,161,Undirected,1
185,216,161,Undirected,1
216,219,161,Undirected,1
185,219,161,Undirected,1
218,219,161,Undirected,1
105,217,161,Undirected,1
85,217,161,Undirected,1
185,220,162,Undirected,1
85,220,162,Undirected,1
186,220,162,Undirected,1
83,186,162,Undirected,1
85,186,162,Undirected,1
220,221,162,Undirected,1
85,221,162,Undirected,1
83,221,162,Undirected,1
185,186,162,Undirected,1
185,221,162,Undirected,1
83,185,162,Undirected,1
186,221,162,Undirected,1
83,220,162,Undirected,1
83,85,162,Undirected,1
85,185,162,Undirected,1
185,92,163,Undirected,1
85,92,163,Undirected,1
186,92,163,Undirected,1
83,186,163,Undirected,1
105,186,163,Undirected,1
185,186,163,Undirected,1
85,186,163,Undirected,1
105,83,163,Undirected,1
83,92,163,Undirected,1
105,92,163,Undirected,1
83,185,163,Undirected,1
105,185,163,Undirected,1
83,85,163,Undirected,1
105,85,163,Undirected,1
85,185,163,Undirected,1
154,155,164,Undirected,1
154,222,164,Undirected,1
185,154,164,Undirected,1
155,92,164,Undirected,1
83,85,164,Undirected,1
83,155,164,Undirected,1
92,222,164,Undirected,1
186,85,164,Undirected,1
85,155,164,Undirected,1
83,222,164,Undirected,1
85,222,164,Undirected,1
186,155,164,Undirected,1
186,222,164,Undirected,1
83,185,164,Undirected,1
85,185,164,Undirected,1
186,185,164,Undirected,1
185,92,164,Undirected,1
155,222,164,Undirected,1
83,154,164,Undirected,1
85,154,164,Undirected,1
186,154,164,Undirected,1
154,92,164,Undirected,1
185,155,164,Undirected,1
185,222,164,Undirected,1
83,92,164,Undirected,1
186,83,164,Undirected,1
85,92,164,Undirected,1
186,92,164,Undirected,1
154,155,165,Undirected,1
82,154,165,Undirected,1
185,154,165,Undirected,1
105,82,165,Undirected,1
83,85,165,Undirected,1
105,85,165,Undirected,1
83,155,165,Undirected,1
105,155,165,Undirected,1
186,85,165,Undirected,1
85,155,165,Undirected,1
186,82,165,Undirected,1
186,155,165,Undirected,1
82,83,165,Undirected,1
83,185,165,Undirected,1
105,185,165,Undirected,1
85,185,165,Undirected,1
186,185,165,Undirected,1
83,154,165,Undirected,1
105,154,165,Undirected,1
85,154,165,Undirected,1
186,154,165,Undirected,1
82,85,165,Undirected,1
82,155,165,Undirected,1
186,105,165,Undirected,1
185,155,165,Undirected,1
105,83,165,Undirected,1
82,185,165,Undirected,1
186,83,165,Undirected,1
355,105,166,Undirected,1
105,82,166,Undirected,1
88,185,166,Undirected,1
105,85,166,Undirected,1
105,88,166,Undirected,1
85,88,166,Undirected,1
105,115,166,Undirected,1
105,185,166,Undirected,1
85,185,166,Undirected,1
355,82,166,Undirected,1
355,85,166,Undirected,1
82,85,166,Undirected,1
115,85,166,Undirected,1
355,88,166,Undirected,1
82,88,166,Undirected,1
115,88,166,Undirected,1
355,115,166,Undirected,1
82,115,166,Undirected,1
355,185,166,Undirected,1
82,185,166,Undirected,1
115,185,166,Undirected,1
105,223,167,Undirected,1
85,223,167,Undirected,1
355,105,167,Undirected,1
224,82,167,Undirected,1
105,82,167,Undirected,1
224,85,167,Undirected,1
105,85,167,Undirected,1
92,223,167,Undirected,1
82,185,167,Undirected,1
355,92,167,Undirected,1
224,185,167,Undirected,1
82,92,167,Undirected,1
355,223,167,Undirected,1
105,185,167,Undirected,1
82,223,167,Undirected,1
85,185,167,Undirected,1
185,92,167,Undirected,1
185,223,167,Undirected,1
224,105,167,Undirected,1
355,82,167,Undirected,1
355,85,167,Undirected,1
82,85,167,Undirected,1
224,355,167,Undirected,1
355,185,167,Undirected,1
224,92,167,Undirected,1
105,92,167,Undirected,1
224,223,167,Undirected,1
85,92,167,Undirected,1
185,85,168,Undirected,1
185,92,168,Undirected,1
225,185,168,Undirected,1
225,85,168,Undirected,1
225,92,168,Undirected,1
92,85,168,Undirected,1
185,85,169,Undirected,1
185,92,169,Undirected,1
92,85,169,Undirected,1
185,92,170,Undirected,1
226,92,170,Undirected,1
226,227,170,Undirected,1
227,92,170,Undirected,1
226,185,170,Undirected,1
226,85,170,Undirected,1
85,92,170,Undirected,1
227,85,170,Undirected,1
227,185,170,Undirected,1
85,185,170,Undirected,1
228,77,171,Undirected,1
228,78,171,Undirected,1
77,78,171,Undirected,1
231,176,172,Undirected,1
229,231,172,Undirected,1
228,229,172,Undirected,1
229,176,172,Undirected,1
230,77,172,Undirected,1
231,78,172,Undirected,1
77,78,172,Undirected,1
229,78,172,Undirected,1
229,230,172,Undirected,1
228,231,172,Undirected,1
228,176,172,Undirected,1
231,77,172,Undirected,1
228,78,172,Undirected,1
229,77,172,Undirected,1
230,231,172,Undirected,1
230,176,172,Undirected,1
78,176,172,Undirected,1
230,78,172,Undirected,1
228,230,172,Undirected,1
228,77,172,Undirected,1
77,176,172,Undirected,1
232,78,173,Undirected,1
229,77,173,Undirected,1
229,231,173,Undirected,1
230,77,173,Undirected,1
230,231,173,Undirected,1
231,78,173,Undirected,1
230,78,173,Undirected,1
231,232,173,Undirected,1
229,230,173,Undirected,1
232,77,173,Undirected,1
77,78,173,Undirected,1
229,78,173,Undirected,1
231,77,173,Undirected,1
229,232,173,Undirected,1
230,232,173,Undirected,1
228,233,174,Undirected,1
356,233,174,Undirected,1
234,77,174,Undirected,1
234,176,174,Undirected,1
77,176,174,Undirected,1
228,176,174,Undirected,1
233,234,174,Undirected,1
228,234,174,Undirected,1
228,77,174,Undirected,1
356,77,174,Undirected,1
233,77,174,Undirected,1
233,176,174,Undirected,1
228,356,174,Undirected,1
356,176,174,Undirected,1
356,234,174,Undirected,1
168,233,175,Undirected,1
168,236,175,Undirected,1
234,87,175,Undirected,1
236,87,175,Undirected,1
77,78,175,Undirected,1
168,77,175,Undirected,1
233,234,175,Undirected,1
77,87,175,Undirected,1
233,176,175,Undirected,1
234,236,175,Undirected,1
356,176,175,Undirected,1
356,234,175,Undirected,1
235,176,175,Undirected,1
233,78,175,Undirected,1
234,77,175,Undirected,1
235,78,175,Undirected,1
176,87,175,Undirected,1
168,235,175,Undirected,1
236,77,175,Undirected,1
356,78,175,Undirected,1
235,87,175,Undirected,1
233,87,175,Undirected,1
356,87,175,Undirected,1
234,235,175,Undirected,1
356,233,175,Undirected,1
233,236,175,Undirected,1
356,236,175,Undirected,1
235,236,175,Undirected,1
233,77,175,Undirected,1
356,77,175,Undirected,1
78,176,175,Undirected,1
168,176,175,Undirected,1
235,77,175,Undirected,1
168,234,175,Undirected,1
78,87,175,Undirected,1
168,78,175,Undirected,1
233,235,175,Undirected,1
356,235,175,Undirected,1
356,168,175,Undirected,1
234,176,175,Undirected,1
168,87,175,Undirected,1
236,176,175,Undirected,1
77,176,175,Undirected,1
236,78,175,Undirected,1
234,78,175,Undirected,1
235,77,176,Undirected,1
168,236,176,Undirected,1
235,236,176,Undirected,1
236,87,176,Undirected,1
168,235,176,Undirected,1
236,77,176,Undirected,1
176,87,176,Undirected,1
235,87,176,Undirected,1
168,87,176,Undirected,1
236,176,176,Undirected,1
168,77,176,Undirected,1
77,87,176,Undirected,1
168,176,176,Undirected,1
77,176,176,Undirected,1
235,176,176,Undirected,1
168,236,177,Undirected,1
235,236,177,Undirected,1
236,87,177,Undirected,1
168,235,177,Undirected,1
236,77,177,Undirected,1
235,87,177,Undirected,1
168,87,177,Undirected,1
168,77,177,Undirected,1
77,87,177,Undirected,1
235,77,177,Undirected,1
168,233,178,Undirected,1
78,184,178,Undirected,1
234,87,178,Undirected,1
168,184,178,Undirected,1
77,78,178,Undirected,1
168,77,178,Undirected,1
233,234,178,Undirected,1
77,87,178,Undirected,1
233,176,178,Undirected,1
235,176,178,Undirected,1
234,184,178,Undirected,1
233,78,178,Undirected,1
234,77,178,Undirected,1
235,78,178,Undirected,1
176,87,178,Undirected,1
168,235,178,Undirected,1
235,87,178,Undirected,1
77,184,178,Undirected,1
233,87,178,Undirected,1
234,235,178,Undirected,1
176,184,178,Undirected,1
235,184,178,Undirected,1
233,184,178,Undirected,1
233,77,178,Undirected,1
78,176,178,Undirected,1
168,176,178,Undirected,1
235,77,178,Undirected,1
168,234,178,Undirected,1
78,87,178,Undirected,1
168,78,178,Undirected,1
233,235,178,Undirected,1
234,176,178,Undirected,1
168,87,178,Undirected,1
77,176,178,Undirected,1
87,184,178,Undirected,1
234,78,178,Undirected,1
78,184,179,Undirected,1
77,78,179,Undirected,1
233,234,179,Undirected,1
233,176,179,Undirected,1
234,184,179,Undirected,1
233,78,179,Undirected,1
234,77,179,Undirected,1
77,184,179,Undirected,1
228,234,179,Undirected,1
228,176,179,Undirected,1
176,184,179,Undirected,1
228,78,179,Undirected,1
233,184,179,Undirected,1
233,77,179,Undirected,1
78,176,179,Undirected,1
228,233,179,Undirected,1
228,184,179,Undirected,1
234,176,179,Undirected,1
228,77,179,Undirected,1
77,176,179,Undirected,1
234,78,179,Undirected,1
228,233,180,Undirected,1
234,77,180,Undirected,1
233,251,180,Undirected,1
228,251,180,Undirected,1
234,176,180,Undirected,1
176,251,180,Undirected,1
233,234,180,Undirected,1
228,77,180,Undirected,1
228,234,180,Undirected,1
233,77,180,Undirected,1
77,251,180,Undirected,1
233,176,180,Undirected,1
228,176,180,Undirected,1
77,176,180,Undirected,1
234,251,180,Undirected,1
228,252,181,Undirected,1
228,78,181,Undirected,1
77,252,181,Undirected,1
77,78,181,Undirected,1
228,77,181,Undirected,1
78,176,181,Undirected,1
228,176,181,Undirected,1
77,176,181,Undirected,1
176,252,181,Undirected,1
78,252,181,Undirected,1
234,77,182,Undirected,1
176,77,182,Undirected,1
176,234,182,Undirected,1
233,77,182,Undirected,1
233,234,182,Undirected,1
176,233,182,Undirected,1
77,253,183,Undirected,1
176,254,183,Undirected,1
253,254,183,Undirected,1
78,254,183,Undirected,1
77,78,183,Undirected,1
77,254,183,Undirected,1
78,253,183,Undirected,1
176,253,183,Undirected,1
78,176,183,Undirected,1
77,176,183,Undirected,1
77,254,184,Undirected,1
78,254,184,Undirected,1
77,78,184,Undirected,1
233,78,185,Undirected,1
176,254,185,Undirected,1
78,254,185,Undirected,1
233,254,185,Undirected,1
77,78,185,Undirected,1
233,77,185,Undirected,1
77,254,185,Undirected,1
78,176,185,Undirected,1
233,176,185,Undirected,1
77,176,185,Undirected,1
233,78,186,Undirected,1
234,77,186,Undirected,1
234,176,186,Undirected,1
77,78,186,Undirected,1
233,234,186,Undirected,1
233,77,186,Undirected,1
78,176,186,Undirected,1
233,176,186,Undirected,1
77,176,186,Undirected,1
234,78,186,Undirected,1
133,168,187,Undirected,1
257,133,187,Undirected,1
257,258,187,Undirected,1
257,168,187,Undirected,1
258,87,187,Undirected,1
133,87,187,Undirected,1
257,87,187,Undirected,1
168,87,187,Undirected,1
258,133,187,Undirected,1
258,168,187,Undirected,1
168,236,188,Undirected,1
236,87,188,Undirected,1
258,87,188,Undirected,1
168,77,188,Undirected,1
77,87,188,Undirected,1
258,236,188,Undirected,1
130,87,188,Undirected,1
257,130,188,Undirected,1
257,258,188,Undirected,1
236,77,188,Undirected,1
258,77,188,Undirected,1
257,87,188,Undirected,1
130,236,188,Undirected,1
258,168,188,Undirected,1
257,236,188,Undirected,1
130,77,188,Undirected,1
257,77,188,Undirected,1
130,168,188,Undirected,1
257,168,188,Undirected,1
168,87,188,Undirected,1
258,130,188,Undirected,1
258,87,189,Undirected,1
168,258,189,Undirected,1
258,77,189,Undirected,1
168,87,189,Undirected,1
168,77,189,Undirected,1
77,87,189,Undirected,1
259,168,190,Undirected,1
257,259,190,Undirected,1
168,77,190,Undirected,1
77,87,190,Undirected,1
259,76,190,Undirected,1
168,147,190,Undirected,1
257,87,190,Undirected,1
147,87,190,Undirected,1
168,76,190,Undirected,1
77,147,190,Undirected,1
259,87,190,Undirected,1
76,87,190,Undirected,1
257,77,190,Undirected,1
257,147,190,Undirected,1
257,168,190,Undirected,1
259,77,190,Undirected,1
168,87,190,Undirected,1
259,147,190,Undirected,1
76,77,190,Undirected,1
76,147,190,Undirected,1
257,76,190,Undirected,1
259,168,191,Undirected,1
260,168,191,Undirected,1
259,261,191,Undirected,1
259,87,191,Undirected,1
260,261,191,Undirected,1
260,87,191,Undirected,1
261,168,191,Undirected,1
261,87,191,Undirected,1
259,260,191,Undirected,1
259,77,191,Undirected,1
168,87,191,Undirected,1
260,77,191,Undirected,1
168,77,191,Undirected,1
261,77,191,Undirected,1
77,87,191,Undirected,1
257,87,192,Undirected,1
168,87,192,Undirected,1
168,257,192,Undirected,1
168,77,192,Undirected,1
77,87,192,Undirected,1
257,77,192,Undirected,1
77,182,193,Undirected,1
168,236,193,Undirected,1
236,84,193,Undirected,1
236,87,193,Undirected,1
84,87,193,Undirected,1
77,84,193,Undirected,1
168,77,193,Undirected,1
77,87,193,Undirected,1
257,182,193,Undirected,1
236,77,193,Undirected,1
257,87,193,Undirected,1
257,84,193,Undirected,1
257,236,193,Undirected,1
182,87,193,Undirected,1
257,77,193,Undirected,1
168,182,193,Undirected,1
257,168,193,Undirected,1
168,84,193,Undirected,1
168,87,193,Undirected,1
236,182,193,Undirected,1
84,182,193,Undirected,1
258,84,194,Undirected,1
257,258,194,Undirected,1
257,168,194,Undirected,1
258,77,194,Undirected,1
258,87,194,Undirected,1
168,84,194,Undirected,1
257,87,194,Undirected,1
168,87,194,Undirected,1
77,84,194,Undirected,1
257,84,194,Undirected,1
168,77,194,Undirected,1
77,87,194,Undirected,1
257,77,194,Undirected,1
258,168,194,Undirected,1
84,87,194,Undirected,1
77,87,195,Undirected,1
77,262,195,Undirected,1
262,87,195,Undirected,1
257,262,196,Undirected,1
262,87,196,Undirected,1
262,77,196,Undirected,1
257,168,196,Undirected,1
257,87,196,Undirected,1
168,87,196,Undirected,1
168,77,196,Undirected,1
77,87,196,Undirected,1
257,77,196,Undirected,1
262,168,196,Undirected,1
274,277,197,Undirected,1
276,82,197,Undirected,1
276,88,197,Undirected,1
275,277,197,Undirected,1
82,277,197,Undirected,1
82,88,197,Undirected,1
276,277,197,Undirected,1
277,88,197,Undirected,1
274,276,197,Undirected,1
275,276,197,Undirected,1
274,275,197,Undirected,1
274,82,197,Undirected,1
274,88,197,Undirected,1
275,82,197,Undirected,1
275,88,197,Undirected,1
274,277,198,Undirected,1
276,88,198,Undirected,1
82,277,198,Undirected,1
277,88,198,Undirected,1
276,277,198,Undirected,1
82,276,198,Undirected,1
274,276,198,Undirected,1
277,275,198,Undirected,1
276,275,198,Undirected,1
274,275,198,Undirected,1
82,275,198,Undirected,1
274,82,198,Undirected,1
274,88,198,Undirected,1
82,88,198,Undirected,1
275,88,198,Undirected,1
88,274,199,Undirected,1
274,278,199,Undirected,1
274,275,199,Undirected,1
88,278,199,Undirected,1
88,275,199,Undirected,1
275,278,199,Undirected,1
278,88,200,Undirected,1
274,279,200,Undirected,1
280,279,200,Undirected,1
274,88,200,Undirected,1
278,279,200,Undirected,1
274,278,200,Undirected,1
279,88,200,Undirected,1
280,278,200,Undirected,1
280,88,200,Undirected,1
280,274,200,Undirected,1
88,283,201,Undirected,1
161,282,201,Undirected,1
274,278,201,Undirected,1
274,281,201,Undirected,1
278,281,201,Undirected,1
281,283,201,Undirected,1
88,282,201,Undirected,1
274,88,201,Undirected,1
161,278,201,Undirected,1
161,281,201,Undirected,1
278,88,201,Undirected,1
274,283,201,Undirected,1
278,283,201,Undirected,1
281,282,201,Undirected,1
88,281,201,Undirected,1
161,88,201,Undirected,1
161,274,201,Undirected,1
161,283,201,Undirected,1
274,282,201,Undirected,1
282,283,201,Undirected,1
278,282,201,Undirected,1
202,278,202,Undirected,1
202,284,202,Undirected,1
202,88,202,Undirected,1
278,88,202,Undirected,1
278,284,202,Undirected,1
202,274,202,Undirected,1
274,278,202,Undirected,1
274,284,202,Undirected,1
274,88,202,Undirected,1
88,284,202,Undirected,1
88,280,203,Undirected,1
280,278,203,Undirected,1
88,278,203,Undirected,1
88,274,204,Undirected,1
88,280,204,Undirected,1
88,278,204,Undirected,1
274,278,204,Undirected,1
280,278,204,Undirected,1
280,274,204,Undirected,1
88,184,205,Undirected,1
274,184,205,Undirected,1
280,274,205,Undirected,1
278,88,205,Undirected,1
278,184,205,Undirected,1
274,88,205,Undirected,1
274,278,205,Undirected,1
280,278,205,Undirected,1
280,88,205,Undirected,1
280,184,205,Undirected,1
88,274,206,Undirected,1
274,285,206,Undirected,1
88,285,206,Undirected,1
88,274,207,Undirected,1
274,285,207,Undirected,1
88,285,207,Undirected,1
286,287,208,Undirected,1
89,286,208,Undirected,1
89,287,208,Undirected,1
89,174,209,Undirected,1
288,286,209,Undirected,1
89,286,209,Undirected,1
288,89,209,Undirected,1
174,286,209,Undirected,1
288,174,209,Undirected,1
288,289,210,Undirected,1
288,286,210,Undirected,1
89,286,210,Undirected,1
289,290,210,Undirected,1
288,89,210,Undirected,1
289,286,210,Undirected,1
290,286,210,Undirected,1
289,89,210,Undirected,1
290,89,210,Undirected,1
288,290,210,Undirected,1
291,81,211,Undirected,1
291,84,211,Undirected,1
81,88,211,Undirected,1
248,89,211,Undirected,1
291,294,211,Undirected,1
248,88,211,Undirected,1
295,81,211,Undirected,1
292,88,211,Undirected,1
291,248,211,Undirected,1
295,84,211,Undirected,1
294,88,211,Undirected,1
84,248,211,Undirected,1
81,84,211,Undirected,1
86,248,211,Undirected,1
291,86,211,Undirected,1
294,295,211,Undirected,1
84,89,211,Undirected,1
291,89,211,Undirected,1
292,295,211,Undirected,1
84,86,211,Undirected,1
86,89,211,Undirected,1
295,248,211,Undirected,1
89,88,211,Undirected,1
292,81,211,Undirected,1
292,84,211,Undirected,1
294,81,211,Undirected,1
81,248,211,Undirected,1
295,86,211,Undirected,1
294,84,211,Undirected,1
295,89,211,Undirected,1
81,86,211,Undirected,1
81,89,211,Undirected,1
292,294,211,Undirected,1
291,88,211,Undirected,1
84,88,211,Undirected,1
292,248,211,Undirected,1
86,88,211,Undirected,1
294,248,211,Undirected,1
291,292,211,Undirected,1
295,88,211,Undirected,1
291,295,211,Undirected,1
292,86,211,Undirected,1
294,89,211,Undirected,1
292,89,211,Undirected,1
294,86,211,Undirected,1
288,293,212,Undirected,1
89,293,212,Undirected,1
288,89,212,Undirected,1
288,294,212,Undirected,1
89,294,212,Undirected,1
293,294,212,Undirected,1
89,293,213,Undirected,1
89,289,213,Undirected,1
293,289,213,Undirected,1
294,289,213,Undirected,1
89,294,213,Undirected,1
293,294,213,Undirected,1
288,89,214,Undirected,1
314,161,215,Undirected,1
89,161,215,Undirected,1
288,314,215,Undirected,1
288,89,215,Undirected,1
89,314,215,Undirected,1
288,161,215,Undirected,1
288,299,216,Undirected,1
288,286,216,Undirected,1
288,298,216,Undirected,1
298,286,216,Undirected,1
89,286,216,Undirected,1
298,299,216,Undirected,1
288,89,216,Undirected,1
299,286,216,Undirected,1
298,89,216,Undirected,1
299,89,216,Undirected,1
288,289,217,Undirected,1
288,212,217,Undirected,1
89,212,217,Undirected,1
288,89,217,Undirected,1
89,289,217,Undirected,1
212,289,217,Undirected,1
288,202,218,Undirected,1
202,300,218,Undirected,1
288,89,218,Undirected,1
291,202,218,Undirected,1
288,291,218,Undirected,1
300,89,218,Undirected,1
291,89,218,Undirected,1
288,300,218,Undirected,1
291,300,218,Undirected,1
202,89,218,Undirected,1
291,84,219,Undirected,1
301,302,219,Undirected,1
291,212,219,Undirected,1
294,302,219,Undirected,1
212,248,219,Undirected,1
302,248,219,Undirected,1
248,89,219,Undirected,1
291,294,219,Undirected,1
212,89,219,Undirected,1
302,89,219,Undirected,1
291,248,219,Undirected,1
84,248,219,Undirected,1
84,89,219,Undirected,1
291,89,219,Undirected,1
294,301,219,Undirected,1
301,84,219,Undirected,1
301,212,219,Undirected,1
291,302,219,Undirected,1
294,212,219,Undirected,1
294,84,219,Undirected,1
301,248,219,Undirected,1
294,248,219,Undirected,1
212,84,219,Undirected,1
302,84,219,Undirected,1
291,301,219,Undirected,1
301,89,219,Undirected,1
302,212,219,Undirected,1
294,89,219,Undirected,1
301,84,220,Undirected,1
84,248,220,Undirected,1
294,248,220,Undirected,1
301,302,220,Undirected,1
294,302,220,Undirected,1
294,84,220,Undirected,1
302,84,220,Undirected,1
302,248,220,Undirected,1
248,89,220,Undirected,1
301,89,220,Undirected,1
84,89,220,Undirected,1
294,89,220,Undirected,1
294,301,220,Undirected,1
302,89,220,Undirected,1
301,248,220,Undirected,1
288,302,221,Undirected,1
81,88,221,Undirected,1
301,302,221,Undirected,1
248,302,221,Undirected,1
288,88,221,Undirected,1
301,88,221,Undirected,1
248,88,221,Undirected,1
302,89,221,Undirected,1
302,86,221,Undirected,1
288,301,221,Undirected,1
248,301,221,Undirected,1
86,89,221,Undirected,1
288,81,221,Undirected,1
301,81,221,Undirected,1
248,81,221,Undirected,1
302,88,221,Undirected,1
88,89,221,Undirected,1
81,86,221,Undirected,1
81,89,221,Undirected,1
288,248,221,Undirected,1
86,88,221,Undirected,1
288,86,221,Undirected,1
288,89,221,Undirected,1
301,86,221,Undirected,1
302,81,221,Undirected,1
248,86,221,Undirected,1
301,89,221,Undirected,1
248,89,221,Undirected,1
289,300,222,Undirected,1
300,212,222,Undirected,1
274,89,222,Undirected,1
289,89,222,Undirected,1
212,89,222,Undirected,1
288,274,222,Undirected,1
288,289,222,Undirected,1
288,286,222,Undirected,1
300,89,222,Undirected,1
288,212,222,Undirected,1
274,286,222,Undirected,1
289,274,222,Undirected,1
89,286,222,Undirected,1
289,286,222,Undirected,1
212,286,222,Undirected,1
288,300,222,Undirected,1
300,274,222,Undirected,1
300,286,222,Undirected,1
274,212,222,Undirected,1
288,89,222,Undirected,1
289,212,222,Undirected,1
288,212,223,Undirected,1
288,286,223,Undirected,1
303,286,223,Undirected,1
89,286,223,Undirected,1
304,212,223,Undirected,1
304,286,223,Undirected,1
288,89,223,Undirected,1
288,304,223,Undirected,1
303,212,223,Undirected,1
303,89,223,Undirected,1
304,89,223,Undirected,1
212,286,223,Undirected,1
288,303,223,Undirected,1
303,304,223,Undirected,1
212,89,223,Undirected,1
81,88,224,Undirected,1
88,286,224,Undirected,1
302,245,224,Undirected,1
81,286,224,Undirected,1
245,86,224,Undirected,1
245,89,224,Undirected,1
302,89,224,Undirected,1
302,86,224,Undirected,1
86,89,224,Undirected,1
245,88,224,Undirected,1
81,245,224,Undirected,1
89,286,224,Undirected,1
302,88,224,Undirected,1
245,286,224,Undirected,1
88,89,224,Undirected,1
302,286,224,Undirected,1
81,86,224,Undirected,1
81,89,224,Undirected,1
86,88,224,Undirected,1
302,81,224,Undirected,1
86,286,224,Undirected,1
301,245,225,Undirected,1
84,245,225,Undirected,1
301,84,225,Undirected,1
301,270,225,Undirected,1
270,245,225,Undirected,1
293,245,225,Undirected,1
270,84,225,Undirected,1
293,84,225,Undirected,1
293,270,225,Undirected,1
293,89,225,Undirected,1
301,89,225,Undirected,1
84,89,225,Undirected,1
270,89,225,Undirected,1
293,301,225,Undirected,1
245,89,225,Undirected,1
83,155,229,Undirected,1
154,155,229,Undirected,1
133,155,229,Undirected,1
83,84,229,Undirected,1
84,155,229,Undirected,1
133,84,229,Undirected,1
130,154,229,Undirected,1
130,83,229,Undirected,1
83,154,229,Undirected,1
133,154,229,Undirected,1
84,154,229,Undirected,1
133,83,229,Undirected,1
130,133,229,Undirected,1
130,84,229,Undirected,1
130,155,229,Undirected,1
83,155,230,Undirected,1
154,155,230,Undirected,1
83,84,230,Undirected,1
84,155,230,Undirected,1
85,155,230,Undirected,1
83,154,230,Undirected,1
84,154,230,Undirected,1
85,154,230,Undirected,1
83,85,230,Undirected,1
84,85,230,Undirected,1
154,155,231,Undirected,1
269,84,231,Undirected,1
269,270,231,Undirected,1
269,154,231,Undirected,1
268,155,231,Undirected,1
84,154,231,Undirected,1
83,155,231,Undirected,1
270,155,231,Undirected,1
269,83,231,Undirected,1
268,84,231,Undirected,1
268,270,231,Undirected,1
268,154,231,Undirected,1
83,84,231,Undirected,1
270,84,231,Undirected,1
270,154,231,Undirected,1
83,154,231,Undirected,1
268,83,231,Undirected,1
268,269,231,Undirected,1
269,155,231,Undirected,1
84,155,231,Undirected,1
270,83,231,Undirected,1
268,214,232,Undirected,1
83,84,232,Undirected,1
84,214,232,Undirected,1
269,84,232,Undirected,1
269,270,232,Undirected,1
270,84,232,Undirected,1
270,214,232,Undirected,1
269,83,232,Undirected,1
270,83,232,Undirected,1
268,84,232,Undirected,1
268,270,232,Undirected,1
269,214,232,Undirected,1
268,83,232,Undirected,1
268,269,232,Undirected,1
83,214,232,Undirected,1
83,155,233,Undirected,1
154,155,233,Undirected,1
269,155,233,Undirected,1
83,84,233,Undirected,1
84,155,233,Undirected,1
269,84,233,Undirected,1
269,270,233,Undirected,1
270,155,233,Undirected,1
270,84,233,Undirected,1
269,154,233,Undirected,1
269,83,233,Undirected,1
270,154,233,Undirected,1
83,154,233,Undirected,1
270,83,233,Undirected,1
84,154,233,Undirected,1
272,84,234,Undirected,1
66,84,234,Undirected,1
272,66,234,Undirected,1
272,84,235,Undirected,1
273,66,235,Undirected,1
66,84,235,Undirected,1
272,273,235,Undirected,1
272,66,235,Undirected,1
273,84,235,Undirected,1
88,86,236,Undirected,1
178,88,237,Undirected,1
82,84,237,Undirected,1
84,88,237,Undirected,1
86,88,237,Undirected,1
178,84,237,Undirected,1
82,86,237,Undirected,1
178,86,237,Undirected,1
84,86,237,Undirected,1
82,88,237,Undirected,1
178,82,237,Undirected,1
88,84,238,Undirected,1
86,84,238,Undirected,1
244,84,238,Undirected,1
88,244,238,Undirected,1
88,86,238,Undirected,1
244,86,238,Undirected,1
306,67,239,Undirected,1
306,84,239,Undirected,1
67,84,239,Undirected,1
67,84,240,Undirected,1
248,84,240,Undirected,1
248,244,240,Undirected,1
244,84,240,Undirected,1
67,244,240,Undirected,1
248,67,240,Undirected,1
154,155,241,Undirected,1
307,83,241,Undirected,1
84,154,241,Undirected,1
130,307,241,Undirected,1
83,85,241,Undirected,1
130,84,241,Undirected,1
83,155,241,Undirected,1
85,155,241,Undirected,1
130,154,241,Undirected,1
307,85,241,Undirected,1
307,155,241,Undirected,1
83,84,241,Undirected,1
85,84,241,Undirected,1
130,83,241,Undirected,1
83,154,241,Undirected,1
85,154,241,Undirected,1
84,155,241,Undirected,1
307,84,241,Undirected,1
307,154,241,Undirected,1
130,85,241,Undirected,1
130,155,241,Undirected,1
83,155,242,Undirected,1
154,155,242,Undirected,1
83,84,242,Undirected,1
84,155,242,Undirected,1
85,155,242,Undirected,1
83,154,242,Undirected,1
84,154,242,Undirected,1
85,154,242,Undirected,1
83,85,242,Undirected,1
84,85,242,Undirected,1
178,88,243,Undirected,1
305,309,243,Undirected,1
248,305,243,Undirected,1
270,305,243,Undirected,1
305,86,243,Undirected,1
86,84,243,Undirected,1
248,308,243,Undirected,1
270,308,243,Undirected,1
309,86,243,Undirected,1
248,88,243,Undirected,1
270,88,243,Undirected,1
305,308,243,Undirected,1
308,84,243,Undirected,1
178,84,243,Undirected,1
305,88,243,Undirected,1
309,88,243,Undirected,1
248,84,243,Undirected,1
248,270,243,Undirected,1
270,84,243,Undirected,1
178,309,243,Undirected,1
308,309,243,Undirected,1
308,86,243,Undirected,1
178,86,243,Undirected,1
248,178,243,Undirected,1
270,178,243,Undirected,1
305,84,243,Undirected,1
84,88,243,Undirected,1
248,309,243,Undirected,1
270,309,243,Undirected,1
86,88,243,Undirected,1
309,84,243,Undirected,1
178,308,243,Undirected,1
248,86,243,Undirected,1
270,86,243,Undirected,1
305,178,243,Undirected,1
308,88,243,Undirected,1
84,313,244,Undirected,1
310,88,244,Undirected,1
86,313,244,Undirected,1
312,311,244,Undirected,1
312,314,244,Undirected,1
314,311,244,Undirected,1
312,88,244,Undirected,1
88,313,244,Undirected,1
310,313,244,Undirected,1
313,315,244,Undirected,1
84,315,244,Undirected,1
86,315,244,Undirected,1
312,310,244,Undirected,1
84,86,244,Undirected,1
312,313,244,Undirected,1
312,84,244,Undirected,1
88,315,244,Undirected,1
310,315,244,Undirected,1
313,314,244,Undirected,1
313,311,244,Undirected,1
84,314,244,Undirected,1
86,311,244,Undirected,1
84,311,244,Undirected,1
310,86,244,Undirected,1
86,314,244,Undirected,1
315,311,244,Undirected,1
84,88,244,Undirected,1
312,315,244,Undirected,1
86,88,244,Undirected,1
314,315,244,Undirected,1
312,86,244,Undirected,1
88,314,244,Undirected,1
88,311,244,Undirected,1
310,314,244,Undirected,1
310,311,244,Undirected,1
84,310,244,Undirected,1
84,313,245,Undirected,1
310,88,245,Undirected,1
321,88,245,Undirected,1
86,313,245,Undirected,1
312,311,245,Undirected,1
312,317,245,Undirected,1
312,314,245,Undirected,1
314,311,245,Undirected,1
317,310,245,Undirected,1
311,318,245,Undirected,1
317,313,245,Undirected,1
312,88,245,Undirected,1
88,313,245,Undirected,1
321,310,245,Undirected,1
317,84,245,Undirected,1
321,313,245,Undirected,1
310,313,245,Undirected,1
321,84,245,Undirected,1
313,315,245,Undirected,1
313,318,245,Undirected,1
84,315,245,Undirected,1
86,318,245,Undirected,1
84,318,245,Undirected,1
86,315,245,Undirected,1
315,318,245,Undirected,1
312,310,245,Undirected,1
84,86,245,Undirected,1
312,313,245,Undirected,1
317,88,245,Undirected,1
312,84,245,Undirected,1
317,315,245,Undirected,1
317,318,245,Undirected,1
88,315,245,Undirected,1
321,312,245,Undirected,1
88,318,245,Undirected,1
317,86,245,Undirected,1
321,315,245,Undirected,1
310,315,245,Undirected,1
313,314,245,Undirected,1
310,318,245,Undirected,1
321,318,245,Undirected,1
84,314,245,Undirected,1
86,311,245,Undirected,1
313,311,245,Undirected,1
84,311,245,Undirected,1
310,86,245,Undirected,1
321,86,245,Undirected,1
86,314,245,Undirected,1
315,311,245,Undirected,1
84,88,245,Undirected,1
312,315,245,Undirected,1
86,88,245,Undirected,1
312,318,245,Undirected,1
314,315,245,Undirected,1
317,311,245,Undirected,1
312,86,245,Undirected,1
88,314,245,Undirected,1
314,318,245,Undirected,1
317,314,245,Undirected,1
88,311,245,Undirected,1
310,314,245,Undirected,1
321,314,245,Undirected,1
310,311,245,Undirected,1
321,311,245,Undirected,1
321,317,245,Undirected,1
84,310,245,Undirected,1
71,84,246,Undirected,1
322,84,246,Undirected,1
323,88,246,Undirected,1
248,323,246,Undirected,1
248,88,246,Undirected,1
322,71,246,Undirected,1
323,84,246,Undirected,1
322,86,246,Undirected,1
71,86,246,Undirected,1
84,86,246,Undirected,1
248,322,246,Undirected,1
248,84,246,Undirected,1
323,71,246,Undirected,1
322,323,246,Undirected,1
322,88,246,Undirected,1
71,88,246,Undirected,1
323,86,246,Undirected,1
84,88,246,Undirected,1
248,71,246,Undirected,1
86,88,246,Undirected,1
248,86,246,Undirected,1
88,84,247,Undirected,1
88,248,247,Undirected,1
248,84,247,Undirected,1
248,86,247,Undirected,1
88,86,247,Undirected,1
84,86,247,Undirected,1
77,147,248,Undirected,1
77,81,248,Undirected,1
76,84,248,Undirected,1
81,84,248,Undirected,1
147,84,248,Undirected,1
76,81,248,Undirected,1
77,84,248,Undirected,1
76,77,248,Undirected,1
81,147,248,Undirected,1
76,147,248,Undirected,1
357,84,249,Undirected,1
244,88,249,Undirected,1
147,88,249,Undirected,1
357,81,249,Undirected,1
81,88,249,Undirected,1
305,147,249,Undirected,1
77,81,249,Undirected,1
305,86,249,Undirected,1
77,84,249,Undirected,1
76,305,249,Undirected,1
76,244,249,Undirected,1
357,184,249,Undirected,1
84,184,249,Undirected,1
305,244,249,Undirected,1
357,77,249,Undirected,1
86,184,249,Undirected,1
76,88,249,Undirected,1
81,84,249,Undirected,1
244,84,249,Undirected,1
77,184,249,Undirected,1
147,84,249,Undirected,1
357,147,249,Undirected,1
357,86,249,Undirected,1
305,88,249,Undirected,1
84,86,249,Undirected,1
77,86,249,Undirected,1
88,184,249,Undirected,1
77,147,249,Undirected,1
81,184,249,Undirected,1
244,184,249,Undirected,1
357,305,249,Undirected,1
357,244,249,Undirected,1
76,84,249,Undirected,1
147,184,249,Undirected,1
76,81,249,Undirected,1
357,76,249,Undirected,1
81,86,249,Undirected,1
244,86,249,Undirected,1
147,86,249,Undirected,1
77,305,249,Undirected,1
77,244,249,Undirected,1
81,147,249,Undirected,1
357,88,249,Undirected,1
305,84,249,Undirected,1
84,88,249,Undirected,1
86,88,249,Undirected,1
76,184,249,Undirected,1
77,88,249,Undirected,1
147,244,249,Undirected,1
76,77,249,Undirected,1
81,305,249,Undirected,1
81,244,249,Undirected,1
76,86,249,Undirected,1
76,147,249,Undirected,1
305,184,249,Undirected,1
77,147,250,Undirected,1
84,248,250,Undirected,1
77,81,250,Undirected,1
76,84,250,Undirected,1
76,248,250,Undirected,1
81,84,250,Undirected,1
76,81,250,Undirected,1
77,84,250,Undirected,1
77,248,250,Undirected,1
76,77,250,Undirected,1
81,248,250,Undirected,1
147,84,250,Undirected,1
147,248,250,Undirected,1
81,147,250,Undirected,1
76,147,250,Undirected,1
77,147,251,Undirected,1
84,87,251,Undirected,1
77,81,251,Undirected,1
76,84,251,Undirected,1
81,84,251,Undirected,1
147,84,251,Undirected,1
76,81,251,Undirected,1
76,87,251,Undirected,1
77,84,251,Undirected,1
76,77,251,Undirected,1
77,87,251,Undirected,1
81,87,251,Undirected,1
147,87,251,Undirected,1
81,147,251,Undirected,1
76,147,251,Undirected,1
184,87,252,Undirected,1
184,77,252,Undirected,1
84,87,252,Undirected,1
84,77,252,Undirected,1
77,87,252,Undirected,1
184,84,252,Undirected,1
178,88,253,Undirected,1
82,84,253,Undirected,1
88,84,253,Undirected,1
178,84,253,Undirected,1
82,88,253,Undirected,1
178,82,253,Undirected,1
82,84,254,Undirected,1
358,178,254,Undirected,1
358,84,254,Undirected,1
270,84,254,Undirected,1
178,84,254,Undirected,1
178,82,254,Undirected,1
82,244,254,Undirected,1
358,270,254,Undirected,1
270,244,254,Undirected,1
178,244,254,Undirected,1
358,244,254,Undirected,1
244,84,254,Undirected,1
358,82,254,Undirected,1
270,82,254,Undirected,1
270,178,254,Undirected,1
178,88,255,Undirected,1
82,84,255,Undirected,1
83,88,255,Undirected,1
172,178,255,Undirected,1
82,88,255,Undirected,1
83,84,255,Undirected,1
84,88,255,Undirected,1
172,84,255,Undirected,1
178,84,255,Undirected,1
82,83,255,Undirected,1
172,83,255,Undirected,1
178,83,255,Undirected,1
172,82,255,Undirected,1
172,88,255,Undirected,1
178,82,255,Undirected,1
77,81,256,Undirected,1
77,84,256,Undirected,1
66,84,256,Undirected,1
84,245,256,Undirected,1
66,81,256,Undirected,1
81,84,256,Undirected,1
77,245,256,Undirected,1
147,84,256,Undirected,1
77,147,256,Undirected,1
66,245,256,Undirected,1
66,77,256,Undirected,1
81,245,256,Undirected,1
147,245,256,Undirected,1
76,84,256,Undirected,1
76,81,256,Undirected,1
66,147,256,Undirected,1
81,147,256,Undirected,1
76,245,256,Undirected,1
76,77,256,Undirected,1
66,76,256,Undirected,1
76,147,256,Undirected,1
178,88,257,Undirected,1
84,88,257,Undirected,1
86,88,257,Undirected,1
270,84,257,Undirected,1
178,84,257,Undirected,1
270,178,257,Undirected,1
270,86,257,Undirected,1
178,86,257,Undirected,1
84,86,257,Undirected,1
270,88,257,Undirected,1
88,84,258,Undirected,1
178,84,258,Undirected,1
88,86,258,Undirected,1
178,86,258,Undirected,1
84,86,258,Undirected,1
88,178,258,Undirected,1
178,88,259,Undirected,1
82,84,259,Undirected,1
84,88,259,Undirected,1
86,88,259,Undirected,1
178,84,259,Undirected,1
82,86,259,Undirected,1
178,86,259,Undirected,1
84,86,259,Undirected,1
82,88,259,Undirected,1
178,82,259,Undirected,1
82,84,260,Undirected,1
178,88,260,Undirected,1
293,84,260,Undirected,1
82,178,260,Undirected,1
293,178,260,Undirected,1
178,84,260,Undirected,1
82,89,260,Undirected,1
82,86,260,Undirected,1
293,89,260,Undirected,1
84,89,260,Undirected,1
293,86,260,Undirected,1
84,86,260,Undirected,1
86,89,260,Undirected,1
88,89,260,Undirected,1
178,86,260,Undirected,1
178,89,260,Undirected,1
293,82,260,Undirected,1
82,88,260,Undirected,1
293,88,260,Undirected,1
84,88,260,Undirected,1
86,88,260,Undirected,1
308,293,261,Undirected,1
89,84,261,Undirected,1
89,293,261,Undirected,1
308,84,261,Undirected,1
293,84,261,Undirected,1
89,308,261,Undirected,1
293,88,262,Undirected,1
84,88,262,Undirected,1
308,84,262,Undirected,1
293,84,262,Undirected,1
308,89,262,Undirected,1
88,89,262,Undirected,1
293,308,262,Undirected,1
293,89,262,Undirected,1
84,89,262,Undirected,1
308,88,262,Undirected,1
83,155,263,Undirected,1
154,155,263,Undirected,1
83,84,263,Undirected,1
84,155,263,Undirected,1
239,155,263,Undirected,1
239,84,263,Undirected,1
83,154,263,Undirected,1
239,154,263,Undirected,1
84,154,263,Undirected,1
239,83,263,Undirected,1
83,155,264,Undirected,1
154,155,264,Undirected,1
83,84,264,Undirected,1
84,155,264,Undirected,1
270,155,264,Undirected,1
270,84,264,Undirected,1
239,155,264,Undirected,1
270,154,264,Undirected,1
239,84,264,Undirected,1
83,154,264,Undirected,1
270,83,264,Undirected,1
239,154,264,Undirected,1
84,154,264,Undirected,1
239,83,264,Undirected,1
270,239,264,Undirected,1
77,147,265,Undirected,1
84,87,265,Undirected,1
77,81,265,Undirected,1
76,84,265,Undirected,1
81,84,265,Undirected,1
147,84,265,Undirected,1
76,81,265,Undirected,1
76,87,265,Undirected,1
77,84,265,Undirected,1
76,77,265,Undirected,1
77,87,265,Undirected,1
81,87,265,Undirected,1
147,87,265,Undirected,1
81,147,265,Undirected,1
76,147,265,Undirected,1
84,87,266,Undirected,1
77,81,266,Undirected,1
77,84,266,Undirected,1
168,77,266,Undirected,1
77,87,266,Undirected,1
168,147,266,Undirected,1
81,84,266,Undirected,1
257,81,266,Undirected,1
257,87,266,Undirected,1
81,87,266,Undirected,1
147,84,266,Undirected,1
257,84,266,Undirected,1
147,87,266,Undirected,1
168,76,266,Undirected,1
77,147,266,Undirected,1
76,84,266,Undirected,1
76,81,266,Undirected,1
76,87,266,Undirected,1
257,77,266,Undirected,1
257,147,266,Undirected,1
81,147,266,Undirected,1
168,81,266,Undirected,1
257,168,266,Undirected,1
168,84,266,Undirected,1
168,87,266,Undirected,1
76,77,266,Undirected,1
76,147,266,Undirected,1
257,76,266,Undirected,1
82,84,267,Undirected,1
147,88,267,Undirected,1
77,84,267,Undirected,1
76,82,267,Undirected,1
76,88,267,Undirected,1
147,84,267,Undirected,1
82,147,267,Undirected,1
82,86,267,Undirected,1
84,86,267,Undirected,1
77,86,267,Undirected,1
77,147,267,Undirected,1
76,84,267,Undirected,1
147,86,267,Undirected,1
82,88,267,Undirected,1
84,88,267,Undirected,1
77,82,267,Undirected,1
86,88,267,Undirected,1
77,88,267,Undirected,1
76,77,267,Undirected,1
76,86,267,Undirected,1
76,147,267,Undirected,1
82,84,268,Undirected,1
147,88,268,Undirected,1
77,84,268,Undirected,1
76,82,268,Undirected,1
76,88,268,Undirected,1
147,84,268,Undirected,1
82,147,268,Undirected,1
82,86,268,Undirected,1
84,86,268,Undirected,1
77,86,268,Undirected,1
77,147,268,Undirected,1
76,84,268,Undirected,1
147,86,268,Undirected,1
82,88,268,Undirected,1
84,88,268,Undirected,1
77,82,268,Undirected,1
86,88,268,Undirected,1
77,88,268,Undirected,1
76,77,268,Undirected,1
76,86,268,Undirected,1
76,147,268,Undirected,1
67,84,269,Undirected,1
66,84,270,Undirected,1
66,81,270,Undirected,1
67,84,270,Undirected,1
66,77,270,Undirected,1
67,81,270,Undirected,1
67,77,270,Undirected,1
77,81,270,Undirected,1
81,84,270,Undirected,1
66,67,270,Undirected,1
77,84,270,Undirected,1
83,155,271,Undirected,1
154,155,271,Undirected,1
83,84,271,Undirected,1
84,155,271,Undirected,1
85,155,271,Undirected,1
83,154,271,Undirected,1
84,154,271,Undirected,1
85,154,271,Undirected,1
83,85,271,Undirected,1
84,85,271,Undirected,1
147,88,272,Undirected,1
81,88,272,Undirected,1
77,81,272,Undirected,1
77,84,272,Undirected,1
66,88,272,Undirected,1
66,84,272,Undirected,1
66,81,272,Undirected,1
76,88,272,Undirected,1
81,84,272,Undirected,1
147,84,272,Undirected,1
84,86,272,Undirected,1
77,86,272,Undirected,1
77,147,272,Undirected,1
66,77,272,Undirected,1
76,84,272,Undirected,1
76,81,272,Undirected,1
66,147,272,Undirected,1
66,86,272,Undirected,1
81,86,272,Undirected,1
147,86,272,Undirected,1
81,147,272,Undirected,1
84,88,272,Undirected,1
86,88,272,Undirected,1
77,88,272,Undirected,1
76,77,272,Undirected,1
66,76,272,Undirected,1
76,86,272,Undirected,1
76,147,272,Undirected,1
147,88,273,Undirected,1
81,88,273,Undirected,1
84,87,273,Undirected,1
77,81,273,Undirected,1
86,87,273,Undirected,1
77,84,273,Undirected,1
66,88,273,Undirected,1
77,87,273,Undirected,1
83,88,273,Undirected,1
66,84,273,Undirected,1
66,81,273,Undirected,1
66,87,273,Undirected,1
76,88,273,Undirected,1
81,84,273,Undirected,1
147,84,273,Undirected,1
81,87,273,Undirected,1
147,87,273,Undirected,1
84,86,273,Undirected,1
77,86,273,Undirected,1
87,88,273,Undirected,1
77,83,273,Undirected,1
77,147,273,Undirected,1
83,84,273,Undirected,1
66,77,273,Undirected,1
83,87,273,Undirected,1
76,84,273,Undirected,1
66,83,273,Undirected,1
76,81,273,Undirected,1
76,87,273,Undirected,1
66,147,273,Undirected,1
66,86,273,Undirected,1
81,86,273,Undirected,1
147,86,273,Undirected,1
81,83,273,Undirected,1
81,147,273,Undirected,1
84,88,273,Undirected,1
86,88,273,Undirected,1
77,88,273,Undirected,1
76,77,273,Undirected,1
83,147,273,Undirected,1
66,76,273,Undirected,1
83,86,273,Undirected,1
76,86,273,Undirected,1
76,83,273,Undirected,1
76,147,273,Undirected,1
77,147,274,Undirected,1
147,89,274,Undirected,1
77,81,274,Undirected,1
76,84,274,Undirected,1
81,84,274,Undirected,1
147,84,274,Undirected,1
76,81,274,Undirected,1
77,84,274,Undirected,1
76,77,274,Undirected,1
84,89,274,Undirected,1
81,89,274,Undirected,1
76,89,274,Undirected,1
81,147,274,Undirected,1
76,147,274,Undirected,1
77,89,274,Undirected,1
89,84,275,Undirected,1
212,361,275,Undirected,1
89,212,275,Undirected,1
361,84,275,Undirected,1
212,84,275,Undirected,1
89,361,275,Undirected,1
71,84,276,Undirected,1
71,81,276,Undirected,1
77,81,276,Undirected,1
77,84,276,Undirected,1
80,86,276,Undirected,1
80,147,276,Undirected,1
66,84,276,Undirected,1
66,81,276,Undirected,1
71,77,276,Undirected,1
71,80,276,Undirected,1
81,84,276,Undirected,1
147,84,276,Undirected,1
71,147,276,Undirected,1
71,86,276,Undirected,1
84,86,276,Undirected,1
77,80,276,Undirected,1
77,86,276,Undirected,1
77,147,276,Undirected,1
66,71,276,Undirected,1
66,77,276,Undirected,1
66,80,276,Undirected,1
76,84,276,Undirected,1
76,81,276,Undirected,1
66,147,276,Undirected,1
66,86,276,Undirected,1
71,76,276,Undirected,1
81,86,276,Undirected,1
147,86,276,Undirected,1
81,147,276,Undirected,1
80,84,276,Undirected,1
80,81,276,Undirected,1
76,77,276,Undirected,1
66,76,276,Undirected,1
76,80,276,Undirected,1
76,86,276,Undirected,1
76,147,276,Undirected,1
71,84,277,Undirected,1
71,81,277,Undirected,1
362,77,277,Undirected,1
80,184,277,Undirected,1
362,80,277,Undirected,1
77,81,277,Undirected,1
77,84,277,Undirected,1
362,147,277,Undirected,1
66,362,277,Undirected,1
80,147,277,Undirected,1
71,184,277,Undirected,1
66,84,277,Undirected,1
66,81,277,Undirected,1
84,184,277,Undirected,1
71,77,277,Undirected,1
71,80,277,Undirected,1
81,84,277,Undirected,1
77,184,277,Undirected,1
147,84,277,Undirected,1
71,147,277,Undirected,1
362,76,277,Undirected,1
77,80,277,Undirected,1
66,184,277,Undirected,1
77,147,277,Undirected,1
66,71,277,Undirected,1
66,77,277,Undirected,1
81,184,277,Undirected,1
66,80,277,Undirected,1
147,184,277,Undirected,1
76,84,277,Undirected,1
76,81,277,Undirected,1
66,147,277,Undirected,1
71,76,277,Undirected,1
81,147,277,Undirected,1
362,84,277,Undirected,1
362,81,277,Undirected,1
80,84,277,Undirected,1
76,184,277,Undirected,1
80,81,277,Undirected,1
71,362,277,Undirected,1
76,77,277,Undirected,1
66,76,277,Undirected,1
76,80,277,Undirected,1
76,147,277,Undirected,1
362,184,277,Undirected,1
154,155,278,Undirected,1
66,155,278,Undirected,1
81,85,278,Undirected,1
147,85,278,Undirected,1
81,155,278,Undirected,1
147,155,278,Undirected,1
77,81,278,Undirected,1
77,84,278,Undirected,1
84,154,278,Undirected,1
77,154,278,Undirected,1
83,85,278,Undirected,1
83,155,278,Undirected,1
66,84,278,Undirected,1
66,81,278,Undirected,1
85,155,278,Undirected,1
76,85,278,Undirected,1
76,155,278,Undirected,1
66,154,278,Undirected,1
81,84,278,Undirected,1
147,84,278,Undirected,1
147,154,278,Undirected,1
81,154,278,Undirected,1
77,83,278,Undirected,1
77,147,278,Undirected,1
83,84,278,Undirected,1
66,77,278,Undirected,1
85,84,278,Undirected,1
76,84,278,Undirected,1
83,154,278,Undirected,1
66,83,278,Undirected,1
76,81,278,Undirected,1
66,147,278,Undirected,1
85,154,278,Undirected,1
76,154,278,Undirected,1
81,83,278,Undirected,1
81,147,278,Undirected,1
84,155,278,Undirected,1
77,85,278,Undirected,1
77,155,278,Undirected,1
76,77,278,Undirected,1
83,147,278,Undirected,1
66,76,278,Undirected,1
66,85,278,Undirected,1
76,83,278,Undirected,1
76,147,278,Undirected,1
81,85,279,Undirected,1
147,85,279,Undirected,1
105,116,279,Undirected,1
105,363,279,Undirected,1
76,116,279,Undirected,1
83,85,279,Undirected,1
363,84,279,Undirected,1
178,84,279,Undirected,1
77,83,279,Undirected,1
363,178,279,Undirected,1
77,147,279,Undirected,1
147,178,279,Undirected,1
85,84,279,Undirected,1
363,77,279,Undirected,1
84,116,279,Undirected,1
85,178,279,Undirected,1
363,116,279,Undirected,1
77,85,279,Undirected,1
147,116,279,Undirected,1
66,82,279,Undirected,1
81,82,279,Undirected,1
85,116,279,Undirected,1
66,84,279,Undirected,1
81,84,279,Undirected,1
82,83,279,Undirected,1
147,84,279,Undirected,1
82,147,279,Undirected,1
66,105,279,Undirected,1
66,178,279,Undirected,1
83,84,279,Undirected,1
66,77,279,Undirected,1
105,81,279,Undirected,1
81,178,279,Undirected,1
76,81,279,Undirected,1
82,85,279,Undirected,1
83,178,279,Undirected,1
77,82,279,Undirected,1
66,116,279,Undirected,1
66,363,279,Undirected,1
81,116,279,Undirected,1
105,83,279,Undirected,1
105,147,279,Undirected,1
76,83,279,Undirected,1
76,147,279,Undirected,1
83,116,279,Undirected,1
77,84,279,Undirected,1
105,76,279,Undirected,1
105,85,279,Undirected,1
76,85,279,Undirected,1
363,81,279,Undirected,1
77,178,279,Undirected,1
363,83,279,Undirected,1
363,147,279,Undirected,1
77,116,279,Undirected,1
363,76,279,Undirected,1
363,85,279,Undirected,1
82,84,279,Undirected,1
77,81,279,Undirected,1
105,82,279,Undirected,1
82,178,279,Undirected,1
76,82,279,Undirected,1
66,81,279,Undirected,1
105,84,279,Undirected,1
82,116,279,Undirected,1
76,84,279,Undirected,1
66,83,279,Undirected,1
66,147,279,Undirected,1
81,83,279,Undirected,1
81,147,279,Undirected,1
105,178,279,Undirected,1
178,116,279,Undirected,1
105,77,279,Undirected,1
76,178,279,Undirected,1
76,77,279,Undirected,1
83,147,279,Undirected,1
66,76,279,Undirected,1
363,82,279,Undirected,1
66,85,279,Undirected,1
82,84,280,Undirected,1
81,82,280,Undirected,1
154,155,280,Undirected,1
66,155,280,Undirected,1
81,85,280,Undirected,1
147,85,280,Undirected,1
178,155,280,Undirected,1
81,155,280,Undirected,1
82,154,280,Undirected,1
77,81,280,Undirected,1
147,155,280,Undirected,1
77,84,280,Undirected,1
84,154,280,Undirected,1
77,154,280,Undirected,1
83,85,280,Undirected,1
82,178,280,Undirected,1
83,155,280,Undirected,1
66,84,280,Undirected,1
76,82,280,Undirected,1
66,81,280,Undirected,1
85,155,280,Undirected,1
76,85,280,Undirected,1
76,155,280,Undirected,1
178,84,280,Undirected,1
66,154,280,Undirected,1
77,178,280,Undirected,1
81,84,280,Undirected,1
82,83,280,Undirected,1
147,84,280,Undirected,1
82,147,280,Undirected,1
147,154,280,Undirected,1
178,154,280,Undirected,1
81,154,280,Undirected,1
66,178,280,Undirected,1
77,83,280,Undirected,1
77,147,280,Undirected,1
83,84,280,Undirected,1
147,178,280,Undirected,1
66,77,280,Undirected,1
85,84,280,Undirected,1
81,178,280,Undirected,1
76,84,280,Undirected,1
83,154,280,Undirected,1
66,83,280,Undirected,1
76,81,280,Undirected,1
66,147,280,Undirected,1
85,154,280,Undirected,1
76,154,280,Undirected,1
82,85,280,Undirected,1
81,83,280,Undirected,1
81,147,280,Undirected,1
82,155,280,Undirected,1
83,178,280,Undirected,1
84,155,280,Undirected,1
77,82,280,Undirected,1
85,178,280,Undirected,1
77,85,280,Undirected,1
76,178,280,Undirected,1
77,155,280,Undirected,1
76,77,280,Undirected,1
83,147,280,Undirected,1
66,76,280,Undirected,1
66,82,280,Undirected,1
66,85,280,Undirected,1
76,83,280,Undirected,1
76,147,280,Undirected,1
88,84,281,Undirected,1
88,244,281,Undirected,1
84,244,281,Undirected,1
88,86,281,Undirected,1
244,86,281,Undirected,1
84,86,281,Undirected,1
178,88,282,Undirected,1
82,84,282,Undirected,1
365,88,282,Undirected,1
366,178,282,Undirected,1
366,86,282,Undirected,1
366,83,282,Undirected,1
83,88,282,Undirected,1
365,84,282,Undirected,1
178,84,282,Undirected,1
82,83,282,Undirected,1
82,86,282,Undirected,1
84,86,282,Undirected,1
366,82,282,Undirected,1
83,84,282,Undirected,1
365,178,282,Undirected,1
366,88,282,Undirected,1
178,83,282,Undirected,1
365,86,282,Undirected,1
178,86,282,Undirected,1
365,83,282,Undirected,1
82,88,282,Undirected,1
84,88,282,Undirected,1
86,88,282,Undirected,1
366,84,282,Undirected,1
365,366,282,Undirected,1
83,86,282,Undirected,1
365,82,282,Undirected,1
178,82,282,Undirected,1
178,88,283,Undirected,1
82,84,283,Undirected,1
154,155,283,Undirected,1
364,178,283,Undirected,1
178,85,283,Undirected,1
178,155,283,Undirected,1
82,154,283,Undirected,1
174,84,283,Undirected,1
364,86,283,Undirected,1
174,154,283,Undirected,1
84,154,283,Undirected,1
86,154,283,Undirected,1
174,178,283,Undirected,1
85,88,283,Undirected,1
364,174,283,Undirected,1
85,155,283,Undirected,1
178,84,283,Undirected,1
88,154,283,Undirected,1
178,154,283,Undirected,1
82,86,283,Undirected,1
88,155,283,Undirected,1
84,86,283,Undirected,1
174,86,283,Undirected,1
364,82,283,Undirected,1
364,85,283,Undirected,1
364,88,283,Undirected,1
364,155,283,Undirected,1
85,154,283,Undirected,1
178,86,283,Undirected,1
82,85,283,Undirected,1
82,88,283,Undirected,1
82,155,283,Undirected,1
84,85,283,Undirected,1
174,82,283,Undirected,1
174,88,283,Undirected,1
84,88,283,Undirected,1
364,84,283,Undirected,1
174,85,283,Undirected,1
84,155,283,Undirected,1
86,88,283,Undirected,1
86,155,283,Undirected,1
174,155,283,Undirected,1
364,154,283,Undirected,1
85,86,283,Undirected,1
178,82,283,Undirected,1
83,155,284,Undirected,1
116,155,284,Undirected,1
154,155,284,Undirected,1
82,116,284,Undirected,1
85,155,284,Undirected,1
83,116,284,Undirected,1
116,85,284,Undirected,1
82,154,284,Undirected,1
82,83,284,Undirected,1
83,154,284,Undirected,1
116,154,284,Undirected,1
85,154,284,Undirected,1
82,85,284,Undirected,1
83,85,284,Undirected,1
82,155,284,Undirected,1
115,85,285,Undirected,1
174,82,285,Undirected,1
82,116,285,Undirected,1
115,116,285,Undirected,1
174,85,285,Undirected,1
174,116,285,Undirected,1
82,115,285,Undirected,1
82,83,285,Undirected,1
115,83,285,Undirected,1
116,83,285,Undirected,1
174,83,285,Undirected,1
85,83,285,Undirected,1
82,85,285,Undirected,1
174,115,285,Undirected,1
116,85,285,Undirected,1
77,81,286,Undirected,1
77,84,286,Undirected,1
76,244,286,Undirected,1
66,84,286,Undirected,1
66,81,286,Undirected,1
81,84,286,Undirected,1
244,84,286,Undirected,1
147,84,286,Undirected,1
77,147,286,Undirected,1
66,77,286,Undirected,1
76,84,286,Undirected,1
76,81,286,Undirected,1
66,147,286,Undirected,1
77,244,286,Undirected,1
81,147,286,Undirected,1
66,244,286,Undirected,1
147,244,286,Undirected,1
76,77,286,Undirected,1
66,76,286,Undirected,1
81,244,286,Undirected,1
76,147,286,Undirected,1
66,84,287,Undirected,1
77,147,287,Undirected,1
66,81,287,Undirected,1
66,77,287,Undirected,1
77,81,287,Undirected,1
76,84,287,Undirected,1
81,84,287,Undirected,1
147,84,287,Undirected,1
76,81,287,Undirected,1
77,84,287,Undirected,1
66,147,287,Undirected,1
76,77,287,Undirected,1
66,76,287,Undirected,1
81,147,287,Undirected,1
76,147,287,Undirected,1
66,69,288,Undirected,1
69,367,289,Undirected,1
66,367,289,Undirected,1
66,69,289,Undirected,1
69,367,290,Undirected,1
66,367,290,Undirected,1
66,69,290,Undirected,1
